symbol,log2_fc,pval_adj
TIE1,5.230313698180472,4.635309880109431e-15
CD38,4.663681537311544,9.00522242836969e-13
ABTB2,4.343754377981484,1.0607444624055719e-20
CCL22,4.1736418805563416,1.2148133400290528e-10
GNLY,4.075861865026957,1.869202639754219e-13
NRP2,3.9040053997258455,1.0744658776739489e-07
NR5A2,3.8494956333230577,9.174874848124177e-16
CREB3L3,3.8385420329861217,1.8368826149641896e-22
ENSG00000287097,3.833991284172666,9.558080142400972e-12
RHOB,3.6538635694734314,1.0314403911452014e-16
ID3,3.623981972387304,1.78453306460031e-08
POU2AF1,3.613691891669206,1.3471788697123946e-16
WHRN,3.598628813253419,3.651596462031586e-17
KLRC2,3.518760869555095,9.111931074746672e-10
TNNT3,3.508570674170893,6.685769122932489e-09
LAYN,3.5058913463718113,4.103531342369223e-14
EPAS1,3.477369914069534,3.7285787741338674e-10
TP63,3.458200796909768,7.4061729835683e-15
DAPK2,3.4124078470518797,4.3875149069633155e-15
ATP9A,3.343120143673728,8.881739754001117e-10
SLC14A1,3.3362901754993635,1.0314403911452014e-16
MIR124-1HG,3.330574754117641,1.1405639603636645e-07
KLRD1,3.287992989162533,6.310630855499267e-07
XCL2,3.2860263204571245,3.687557611433854e-11
METRNL,3.273413131458621,1.4625882222601017e-12
TSPAN2,3.2649485924109234,2.433466801442008e-15
ADAMTS14,3.2166448059744477,9.281519986826785e-10
GIPR,3.1843681839994393,1.639669681077577e-17
PCGF2,3.1735392755002874,1.6535250039734873e-13
SERPINE2,3.1733959638057723,1.3211729427595063e-09
HMGB1P17,3.1442167242684085,3.830144679714413e-08
DENND6B,3.1440621156694744,6.919109474054837e-11
ITGAX,3.13564541370629,7.302937825485061e-09
ENPP3,3.095759827483242,3.5098425460877655e-10
SGPP2,3.013109825802041,2.2197871337831535e-20
NTRK1,3.010782183068933,8.338643291885821e-09
MYRF,2.9441513807886146,8.338449193135657e-11
ZC3H12C,2.9023901451785252,6.351416800660601e-13
ITGB5,2.8958672862910357,2.0540269703297532e-14
PPARG,2.89538545470343,3.833915443504315e-12
AFAP1L2,2.880340618831863,1.919070595788112e-07
HNF1B,2.831484349406347,2.0821877707317854e-10
BMF,2.822330243672118,2.177624706014924e-08
TRIM7,2.80569587458822,1.235124794703187e-10
DGKI,2.7643133388202963,7.59647579396091e-14
CLNK,2.7612008744834573,1.3593817451335276e-11
HIC1,2.7471492813178844,5.616990307592715e-15
ENSG00000273445,2.741398410364054,4.5697323778072124e-10
EBI3,2.7403505742795424,4.103531342369223e-14
COL9A2,2.7380532603554455,3.257417417421356e-08
RAPGEF3,2.735375092053618,4.906065278663059e-11
LYN,2.6993878003173086,1.1638530111635991e-09
ERFL,2.6972636965513264,1.4706615310812917e-12
PTGS1,2.693614124537838,1.1307050130819734e-14
PAPLN,2.679281917296312,6.281488478160666e-16
STX1B,2.6507141240253835,8.775142815649668e-09
SUOX,2.64528024471567,9.354091828129804e-12
PLAAT3,2.6343576634370995,2.489884735587749e-14
LINC01281,2.6163065621488,2.422508772482016e-16
BAIAP3,2.6124363099180634,3.52019095202809e-06
TNXB,2.574943315120497,1.0413840678291174e-06
LINC00996,2.5725890169027985,2.0356115974541976e-16
SERPINB6,2.5624232109695004,3.830144679714413e-08
ALPK1,2.557786213534724,5.058035482532928e-11
GEM,2.5527198184212057,3.376847269357494e-08
LRRC75B,2.549644651750004,8.594557896071058e-16
SMOX,2.537392829627716,3.619064553540183e-17
GNG8,2.5298880930156855,2.3480600335787663e-10
MGLL,2.516570961847333,3.600635878407386e-13
JUP,2.4781087884665887,2.0295121234179023e-08
STARD8,2.4696426675375793,1.5984422860583295e-05
RBPJ,2.443174020678142,4.958446422974511e-22
GFI1,2.440605545926819,5.2807260616256144e-14
ZG16B,2.4355280818756597,3.8245382785560384e-16
TMT1A,2.41524080473221,3.69192935700515e-10
FER1L4,2.399866220067837,4.737858466002332e-10
DNAJC12,2.3941750433671003,2.4889567898630703e-11
PRSS30P,2.39361731810495,7.129969691440046e-14
G0S2,2.3898071542349504,5.300036339442976e-05
MTSS1,2.384954368618942,1.7171068396351508e-10
PDK4,2.383748411426994,3.236531031166446e-13
GSTA4,2.3827674588939436,4.954423220447687e-16
RASGRP4,2.3703848053345515,4.246553866649123e-08
SIX4,2.3674394418467317,4.554617257075962e-13
CATSPER1,2.3537449660232026,9.004861226940814e-17
SERPINE1,2.3534193194903454,1.288068552247116e-13
TLCD5,2.3490467444771537,5.754232361406989e-13
MAGI1,2.3447073578701687,2.2722480869421443e-19
NHS,2.3382770358972698,2.962701960681614e-09
CERCAM,2.3347179210782913,1.1581935645387095e-06
RASSF4,2.334097422503698,2.3988467526860493e-10
PTPN14,2.333373164070701,2.6890191726180164e-10
PLS3,2.32371436347924,1.4589345396902025e-07
ENSG00000237513,2.2969372233477245,2.8444717272154974e-16
NEBL,2.2824323283019465,3.3963273411916365e-11
SOX4,2.2753875949370213,8.083175987743335e-08
TIGIT,2.2691218915391342,7.262177209605808e-09
CPM,2.2647686056513257,1.9505984122019457e-12
PDGFA,2.2623630454975787,6.755359181938267e-07
SLC37A2,2.255351820988392,7.278611790651516e-16
GSTM2,2.252088415237603,2.9183198770603804e-06
LYST,2.2513268588966984,1.1167713338229499e-14
KLRB1,2.2499104086408828,0.0002451265989199
FAM30A,2.2470865968087708,6.118169113450461e-08
PAM,2.2416255573107846,2.5888955374590796e-10
LMCD1,2.2309061967898423,1.928948605990736e-12
SEC14L6,2.2135247454116915,2.4916511322139812e-09
AGRN,2.201583260016095,1.683154817555617e-07
MYO7A,2.1997732086709396,3.7161018582512043e-07
RHOC,2.1858033837101596,1.5441803855831083e-14
IER5L,2.1798219484485175,2.4461484941662864e-16
EML2-AS1,2.1754649083498707,7.181132667349243e-11
VDR,2.1734333878467087,3.072556102030966e-10
SALL4,2.1704115472153434,4.3875149069633155e-15
IGF1,2.1703093957450106,3.0424025371542103e-09
DHRS3,2.148602547519751,5.077427838808505e-07
IFITM10,2.1484895571713363,2.0323635463794055e-05
LNCATV,2.145723429232365,8.964199171664168e-12
CYBRD1,2.1446299353489766,5.125238471370056e-10
ICAM5,2.132659909852959,3.3923428992149276e-10
LINC02524,2.125958423267667,6.85488783838074e-08
PON2,2.1230553412469426,1.0634667715247353e-10
TNFRSF18,2.1227679908702797,5.315935491546008e-05
KLRC1,2.115997431419207,0.0006377517130251
CAPN12,2.110085321250853,6.850482919549888e-09
GZMK,2.10584576052081,0.0002921632077572
COL7A1,2.1018561384716223,1.3719809313435463e-09
ENTPD1,2.1011686727759713,8.724131232284326e-09
CYS1,2.0952735648862557,5.040081846217713e-07
PSD,2.088772756430205,8.771152764481812e-11
TPCN1,2.085591567431056,1.3060193875596529e-10
MT-RNR1,2.0832045006523963,1.171906280437727e-13
PTGIR,2.074219137047337,3.290936888222517e-07
TNFSF4,2.0678429540290906,7.162834011264683e-11
BMERB1,2.067490140350593,2.9074692599157677e-14
ICA1,2.0611664505744596,1.0797796375352272e-14
DAPK1,2.0594231121632363,9.001455497662188e-09
THBS1,2.0566645366747465,6.01099886280806e-06
ARAP3,2.053154579356305,6.603546662515511e-13
TNFRSF9,2.0527763834034647,1.0287979911730431e-06
YPEL4,2.0494441344132097,7.179508949304863e-11
SMIM10L2A,2.046083003506108,1.3065440068276234e-10
DIXDC1,2.0369288322299344,1.0421815775027178e-11
ADPRH,2.035960224518661,7.300642460319606e-16
EVI5,2.033797531735468,3.1586461412941413e-08
ABCB1,2.032433374556776,1.2052307732629151e-14
P2RX1,2.026470830164559,3.9984718195603e-06
SASH1,2.026389801161276,2.5065693265837797e-10
SARDH,2.0223359732363,6.065452611598512e-09
LINC02539,2.0061303855782455,2.1749921678078615e-09
P3H3,1.997646526972738,7.609101823912375e-07
LINC02446,1.996101017655994,0.1326779900463354
NTNG2,1.985742194850035,1.4849116141781933e-11
ENSG00000271755,1.9842890510492877,6.353249904165143e-05
FGFR1,1.9793526908709025,3.403717302321678e-07
TMCC2,1.9782243305574263,1.555704992138779e-08
ANGPTL6,1.9709813872325428,4.2500022075002485e-15
CD72,1.969555318606164,8.500153263498534e-21
ITGA1,1.967401683833839,4.9206555421022005e-06
PHEX,1.9640919324551052,2.5065526068210573e-08
ACSM3,1.95929233137002,6.021149242775031e-07
GNG4,1.9590284301031324,7.473266825325716e-05
PLAGL1,1.9585869747368396,6.985619305824978e-17
FCER1G,1.9576448334316836,5.967441721563531e-10
LIN7A,1.9492285948274115,6.54457227067206e-07
ANK1,1.9490167609481048,0.0028892920512252
GOLIM4,1.9478368666291397,5.07447150516858e-07
FSCN1,1.9465957534630056,5.0664912806771235e-06
SIRPG,1.9462209352697872,5.494442976653284e-05
NABP1,1.9370140077970772,6.352355228627299e-09
HSPG2,1.9296019133186395,2.762497840028727e-10
MMP14,1.9249343931385157,0.0001117965382852
HES7,1.9225467353455068,1.8061128334637124e-11
RAB6B,1.9194513469219208,2.552120899370823e-07
BCL2L11,1.9189388876498477,1.4652341744252926e-07
RASGRF2,1.918317465253276,1.1292338963772455e-09
INPP5F,1.917451327225448,5.025487796236535e-13
IL1A,1.9150752404621112,4.1072573132888993e-08
LINC02341,1.906386204083853,2.053402013685852e-08
IRAK2,1.9062255042371536,3.210159879036517e-12
IL4I1,1.905259339237508,3.3963273411916365e-11
MZB1,1.900534911467908,2.311199372550924e-11
XCL1,1.8983331665908256,0.0027100789542679
LAG3,1.890716349992199,0.0087882301692534
ZNF704,1.8895064060894753,8.321009405068327e-12
KLRC3,1.883156791958872,7.03023706176e-06
RGS1,1.8755006823278784,1.503026021497286e-05
CASQ1,1.870580494899274,5.827176464321883e-09
PDCD4,1.8657288385498063,2.7642132720771856e-09
TSC22D3,1.858236421739563,1.5257607667211227e-09
ELAPOR1,1.858117591578579,1.7847905333403446e-09
PTPRVP,1.8571205047871648,1.3107127455748056e-10
SMIM24,1.855288401484858,5.407157628158651e-09
RBM20,1.8549567364778792,1.660894390938466e-12
EFEMP2,1.847240963667192,1.1886783600721615e-08
CAV1,1.8463813893681644,1.183965491184565e-10
ELFN2,1.838808592264225,3.5366915556483566e-05
AFAP1,1.8358868669241768,1.1886783600721615e-08
SYNGR3,1.8284740691774384,2.0466510014315157e-13
RNF122,1.8283279021094208,1.269461632804292e-10
BRPF3-AS1,1.825876749906704,7.671839234987439e-11
PIP5K1B,1.8122542810192712,6.603148539385865e-08
ASB2,1.8087112709075672,2.1831279329630212e-10
PTMS,1.8037927904908224,9.979164223471777e-06
GSDME,1.8007278162531966,2.7522858280738376e-10
LINC01480,1.8003133137100873,1.1292338963772455e-09
VCAM1,1.7998010313325472,5.79951989915233e-05
ENSG00000244055,1.796635776257362,9.842835330690672e-09
PLCH2,1.7961005305391504,4.9549320569587417e-08
TGFBR3L,1.794598974975661,5.525202422231402e-12
TNFRSF4,1.793438367748828,0.0030036272683676
SLC43A2,1.7933197801569611,1.9102226332709634e-12
MISP3,1.7901721197380256,2.1108398423117902e-14
RHOQ,1.7874885264459135,1.2423293225882284e-14
IRF5,1.7846168161327172,4.5085601830781256e-08
CABP4,1.7845726460763387,6.384883321881318e-06
BHLHE40-AS1,1.7841807683413695,4.529920931898971e-07
CCDC50,1.7795475212082206,3.304531386282544e-06
CAVIN1,1.772581502874024,1.6973093197849745e-05
IL1RN,1.771290877880528,4.76615534211992e-06
LAMB3,1.7703648212166327,2.04376955025707e-05
VASH1,1.7592739160309918,2.313263953747279e-16
RAI2,1.7545716772789743,2.7282286046081853e-09
LINC00957,1.75327294297823,1.7390939642308687e-09
NUAK2,1.7531186694243317,6.015149259931283e-10
IRAK3,1.749607018198029,4.70969461699684e-08
GSE1,1.7471696823852216,1.8368826149641896e-22
ACP5,1.745332086188637,1.7062210161308073e-08
VEGFA,1.7418707473619623,0.0003674346610227
TINCR,1.739929338742099,4.0855025271092233e-05
C1QTNF6,1.7343576246222363,5.796142047979584e-09
PHKA1,1.717056012506264,6.088580338837354e-07
FAM114A1,1.716743948159186,8.601000246131172e-06
KLHL24,1.712625150186887,3.117788369218182e-08
PLA1A,1.7110361787641697,6.622761482992506e-11
SNX33,1.707934687752489,3.214242843276743e-10
DOK4,1.701573930288959,8.346060423322912e-11
PDE9A,1.6934754120315494,5.3997017695813315e-06
GAB1,1.6840608457838495,1.573468212417266e-09
CA11,1.682758427342161,2.707202947452697e-06
HMSD,1.6787939468336737,1.4329026794662351e-08
NT5M,1.6783659417666252,3.392953854154671e-07
SH3D21,1.6751550789358878,1.3361487911246126e-07
PLD1,1.6740934870493878,1.5004339562296514e-11
LILRB1,1.6728877823592174,3.866593553682387e-05
CTTNBP2NL,1.6718093382643324,1.2114313401501795e-10
SERPINB9,1.6714340623674069,3.600763813333526e-09
ITGAD,1.670673120989602,0.0354221532179527
SPRED3,1.6699464746760224,4.410968380439523e-07
HEATR9,1.6693703600417076,7.274040222932903e-06
MYB,1.6665704307827929,6.036503857038791e-08
ID2-AS1,1.6627037071846338,9.615567134933913e-08
P4HA2,1.6563075915247452,1.9106047406137176e-09
TTN,1.6501901320216463,1.8201778539255959e-07
B3GNT5,1.6480990402360631,4.163126554201161e-06
CFAP45,1.645211225395231,4.4109406732949865e-05
CPXM1,1.6440934740873665,5.999508232778207e-12
APBB2,1.6425160840600124,3.4629322546224054e-05
DUSP5,1.641550666644502,4.389751748774067e-06
FGGY,1.636956996945217,3.669141859832544e-12
CCDC18-AS1,1.63564364464282,6.838996325732519e-06
RRAD,1.6324426210609255,8.185441287369713e-08
KDELR3,1.6295653855887149,0.0001531767964622
CUL7,1.6275183899561103,1.0101588894587324e-08
LINC01619,1.6261338092265585,8.853130828211419e-08
HAGHL,1.622829481504855,7.973046303720944e-08
GALM,1.6192054376760936,3.020473262624449e-07
MAST1,1.6181155336115467,2.0176322897504068e-09
TSHZ2,1.61755386344463,0.0119382002490989
CACNA1F,1.615822016682742,4.6856087065527e-08
SLC23A1,1.6127178475018615,2.8011196671595964e-08
AIF1,1.6123650588999507,0.0005328225094636
GAD1,1.6064559676139103,5.2363274069909234e-08
ENSG00000272405,1.60609392541039,1.3808665632797378e-06
SLC12A8,1.604907363641585,1.8821672281181604e-11
SMIM3,1.604765450774817,7.1701274274767415e-19
MYO1E,1.6030402772524592,7.514923584652096e-05
PHLDA2,1.602228115612614,5.150122868732616e-05
PLEKHA7,1.6018412756551688,2.0074554660118172e-06
C1QTNF12,1.600993321069081,0.0001005094822723
VLDLR,1.6008726262635782,1.1389195433364056e-06
TTLL3,1.5983297760543191,3.0858671857762417e-12
FAM117B,1.597869729229651,1.1386002302157219e-11
MIR4280HG,1.5976809107879315,3.1897969320923754e-13
SRGN,1.5962749822438127,1.3999903687461156e-11
CES3,1.5925595286927023,4.441242748449259e-06
TMEM59L,1.584790714020695,0.0001029220704948
LINC00173,1.5837161494466077,2.8104080356995665e-07
PLTP,1.5830499857519045,3.6693889039426775e-08
FAIM2,1.58193247413324,6.051799539072017e-05
WBP1,1.5792967828898452,2.554769820139276e-09
MT-RNR2,1.5792829175818357,1.051251836275823e-15
SDCBP2,1.5783565373776351,4.057020270157747e-09
SCARF1,1.5741737286887243,7.693060064982858e-09
CYP19A1,1.568312996548797,3.660029590404826e-05
PTPRM,1.5679131084062436,0.0062082689191063
FOS,1.5676902162036468,0.0010229232571317
BCAN-AS1,1.5637981255122364,8.710198758498909e-13
CD200,1.5624394732272175,3.1329973279307585e-07
MYO3B,1.5622339396281486,2.1479501528354302e-09
RAB13,1.5586937737859676,1.1583899914019743e-06
DNAJC5B,1.558630263567196,7.827681900095505e-09
ENSG00000236255,1.5574767401344465,1.3207136877821317e-06
RDH10,1.5549396290183752,1.1395769942775538e-09
RTKN,1.5545040948159152,1.9460543885833347e-09
DOCK5,1.5499365843103274,7.839440535345168e-06
GPR174,1.5429702128271234,1.000035074369571e-13
DNHD1,1.5424678367308058,1.0337707971328374e-06
ENSG00000269028,1.5420906903981375,2.153469025374508e-09
CRACD,1.5411149951426832,9.16449580632156e-06
SPRY1,1.537298379443223,0.0034196436270335
CDHR1,1.5372371887175733,2.4786800741694373e-12
CABLES1,1.535336188178787,2.283081987808252e-05
YBX2,1.531613314041286,0.0002653318816541
AGAP3,1.5271199527506845,2.2665218416359008e-05
TNFAIP2,1.5253719612191865,2.1675489416234975e-06
BCL6,1.524081863457562,6.713640751817837e-08
CCL5,1.5206743373868417,0.0006192205354749
ANKRD55,1.5202906348504217,0.0039592779393334
MST1,1.5135585811073755,3.216694491436193e-07
MAPK12,1.512472708397286,3.715388830009788e-11
ENSG00000257086,1.5107375726502137,8.014360027845362e-09
RAB3D,1.5078568457604515,1.2075977165627116e-08
ENSG00000241490,1.5069716191393372,2.217436827640002e-09
LINC02416,1.5066511628152308,8.096928576493792e-10
SNN,1.506363256226558,7.5110430137437e-06
ATP2A1,1.5039361557832338,2.7336201557175142e-05
PLEKHH2,1.5018610662082483,1.6340716927195462e-05
TMEM8B,1.49885124045409,1.5469223825489986e-05
ENSG00000287786,1.4980434265729623,0.0003218260336285
SLC16A3,1.4977158969193791,8.710198758498909e-13
ENSG00000264112,1.4959132436129017,2.9317414816234952e-08
ADAM11,1.4950204935386997,4.585563931600772e-06
PSTPIP2,1.4935622994013569,2.6138799137785524e-06
PPP1R26,1.49291883310892,6.965724663046143e-07
SAT1,1.4923110607210912,9.085214408775171e-10
DUSP2,1.4906153655084022,2.6419533955314695e-10
SCML4,1.4905995398255465,2.4608186429141907e-06
GRINA,1.4903187270520988,3.868349889003982e-11
CC2D2B,1.488525190921851,7.476611714063243e-14
NMUR1,1.4861293452748918,2.791158043904132e-09
RCN3,1.4850353961607423,0.0006640157255608
PDLIM4,1.4838232652668275,0.0014230302832181
TSPAN13,1.4833170442650911,7.95836552608853e-07
ARRDC4,1.4828854736353554,2.465671764410501e-05
UBR5-DT,1.482568182716134,1.117644566830719e-09
MOXD1,1.4751231456939526,3.618711105839293e-09
EVA1B,1.4736143938578916,2.9440474763481424e-11
FAM3C,1.473098098839417,1.7527754287490967e-09
GCNT1,1.46962787016603,1.08532103441445e-06
KRT79,1.4689693679779885,4.81781461342342e-07
ADSS1,1.4670981109221133,4.2016072499076534e-09
ARK2C,1.4656939319433082,1.96132691877635e-06
ACSL1,1.4655686441170053,1.9797629134726984e-10
C19orf38,1.465281089274402,1.713486714007524e-07
ZNF768,1.4650213905344611,3.272792087874988e-11
RGS9,1.4586678703213218,3.0707813021215677e-08
CRACR2B,1.456111054148002,6.04360225056599e-10
DTHD1,1.454602009291659,2.869149339753063e-09
GPR35,1.4545542156199756,0.0001251227490269
KCTD19,1.4537995945896005,2.1070350025594216e-05
MTMR11,1.4528990575113292,2.8768232410710593e-06
NDRG4,1.451972106708898,2.3305402591006587e-09
ANKRD24,1.4505506087645998,1.1778561528884176e-07
ITPRIPL2,1.4496796146215254,9.546050736727858e-18
CARMIL3,1.446271938890381,8.997802097668555e-10
LINC02732,1.44584866917338,1.1497172793009855e-07
BCL2L15,1.4456484536400966,9.657234198485282e-07
SPINT1,1.4440503102345787,3.6342057713609992e-06
RBMS3,1.4433516429961146,4.788601091710557e-06
MPZL2,1.4429716277567912,3.4703541722913466e-12
CENPV,1.4339217397113986,0.0001859057614403
PRUNE2,1.4336378821613107,3.249477161520778e-08
BCORL1,1.431869383581779,1.2266437936846907e-09
ENSG00000279161,1.4300209270454691,1.3310159420166585e-08
SCPEP1,1.4296003507905288,3.733701566699269e-16
DEPDC7,1.4293417929614978,3.072556102030966e-10
NECTIN1,1.4275482833202329,0.0041502239735887
SAP30-DT,1.424648602030863,3.579267267281544e-12
FLOT1,1.421855986148552,9.39125190316692e-06
TBC1D4,1.4211181007738043,8.493246653985516e-11
NHLRC3,1.4209754754492057,3.009243859125036e-18
FUT3,1.4196439451350893,0.000204056964486
DNM1,1.4189552173920428,3.6570130288187073e-07
ARHGEF40,1.4185438131880652,1.9874257631520292e-08
KLRK1,1.4179271526440818,0.0139896704346639
YIPF2,1.4170560455403498,2.7000134900382662e-05
EXD3,1.4153506475144502,3.3327717735018444e-07
MTUS1,1.415123519471292,3.787667263469806e-05
BMP8B,1.413982478456482,4.351040531649816e-09
MID1IP1,1.4125872425083834,5.751826300274727e-12
CD27-AS1,1.410829052186744,1.0692417588934096e-06
LAIR2,1.4099501462445103,0.0008360735529952
FKBP10,1.4071325303168067,2.488257480573371e-09
PLXNB2,1.4038012950420784,8.7013636825359e-08
HDAC7,1.402714440024753,1.391373807327488e-21
RAMP1,1.400168648590276,0.0024312104133414
BSPRY,1.4000253738849016,2.390688293137888e-10
MTSS2,1.3969166018415842,2.0278066340216063e-08
SV2A,1.3966660866988652,1.3110818620472556e-07
CDC14B,1.3959202181309038,1.8175714546514509e-06
ARMCX2,1.3914606869105848,1.7157663676129358e-11
KCNC3,1.3906965993084413,0.0002239670862948
CALY,1.3876719225102168,1.9356214405534436e-05
MLF1,1.3862567932032233,2.85613565004033e-12
CTLA4,1.3860195241267563,2.9070980337490766e-10
HMOX1,1.3837062525627792,1.1366425957998804e-05
APOD,1.3822570508522407,0.0001490925455101
FOXC1,1.38193105861659,1.4399718153970974e-06
ZEB2,1.3796772494426537,2.5194924871892246e-09
SIX5,1.3777218744425872,2.347150387879921e-06
COL11A2,1.377613255207949,1.3937698909537866e-09
LINC02384,1.377590730592483,2.1623718223882403e-08
ADAMTS13,1.373785396043831,2.753734904331314e-10
ENSG00000234261,1.3737662396389934,2.6821436357332304e-06
MTND4P12,1.3728761624588803,8.108372581275965e-10
ADAP1,1.3702755792541486,2.3768030563787367e-11
WNT11,1.369042872103906,0.0002233106591934
TGIF1,1.3682796166965363,1.8414428722298963e-09
DICER1-AS1,1.3677897154807468,3.163337427184876e-09
ATP8B4,1.366716095699302,3.559408813897425e-07
HSH2D,1.3663379764009642,3.918568203750053e-15
KCNG1,1.3644892205018624,7.620590548174455e-08
ZNF816,1.3626600393236314,1.5372816865800052e-09
RTN2,1.360344416690811,4.396778460757466e-12
SLC9A5,1.3591606882983491,2.9355435847761793e-06
SERPINB1,1.35912685746999,2.1064397784432826e-12
ZFP36L1,1.3586370142984112,2.620753493542579e-15
IL2RB,1.3576298365233246,1.581043020960477e-06
SPIRE1,1.3575335273461828,1.0029240186733853e-13
FHL3,1.3548247489348584,2.784010442907837e-13
MEIS3,1.353957799118653,6.342544997811283e-07
SHF,1.3506330897782337,1.7061348436345166e-08
CPLX1,1.3500614547566356,1.3660889048454825e-05
ZNF827,1.349101641348732,2.0702481976906528e-11
ENSG00000228408,1.3471592956917382,2.96829721143393e-10
PATL2,1.346539102754163,1.0118034797810031e-05
PMCH,1.344200908482264,0.0113776960902044
CDCP1,1.3428013098351146,0.0153363293279174
SAMD4A,1.3381983397616573,4.049456673418041e-06
LRFN1,1.337681848819006,1.6160607796439828e-06
SPINT2,1.3332443952242845,0.0002037557568537
ATP1A4,1.329519184851145,6.166402234104175e-08
ISYNA1,1.3288413841611948,1.5165128588949478e-07
CYP27B1,1.32849039633743,1.8242591115828905e-11
GNAI1,1.325275278796659,1.5199876468357052e-08
PRF1,1.3228839217526789,0.0001818506283322
MT-ND4,1.3228068444175918,1.1415402081771454e-16
PLK2,1.3219685532281908,1.879199692570988e-05
TBX6,1.3218641189925693,0.0001161710016244
DACT3,1.3213318130861942,2.9739283328343093e-07
PCOLCE-AS1,1.320873404088828,6.054394952066258e-08
TRIM9,1.3206342297106557,1.4169969513635463e-11
NAB2,1.3174526911213733,2.4910399592524808e-06
LEPR,1.3158455541199094,1.0885354145852464e-08
RPL7AP75,1.3155002164083416,2.9739283328343093e-07
CLDN12,1.3145915431520296,6.939723660108714e-09
PPFIBP1,1.3144194241573306,1.6131034868882282e-05
GDPD3,1.312647533402293,1.3081350981023026e-09
GRID2IP,1.31227694350532,5.834603129377585e-06
ENSG00000261448,1.311078180656642,1.8634204348994944e-09
CEACAM1,1.3067605035267462,1.7934747718210317e-05
ENSG00000237352,1.3056394224399432,2.5619186675789282e-12
RUNX1-AS2,1.3018288301612897,1.954335298956346e-06
GATAD1,1.3016371974476844,3.253486244439113e-13
FUCA1,1.300456087044013,2.7186188923707587e-11
B4GALT6,1.2982742232280926,9.298232643954834e-08
FBXO24,1.2971474305704698,1.4789244950931688e-05
TSPAN33,1.296448255194051,1.4187031066585909e-06
ZSCAN9,1.2942605765422814,6.493539223884897e-10
DSCAML1,1.2922469679549184,4.636705460238595e-07
TFPI,1.292111563379751,1.4374972049838025e-07
WSB1,1.2920306580967909,4.054091684995679e-07
C12orf75-AS1,1.291025386701395,8.501660908692085e-12
HEATR5A,1.288753851077309,3.0037069654858493e-07
RAB37,1.2881179736771946,2.648844812296461e-07
TMEM178A,1.2875290532546113,2.1473378788920336e-09
SRGAP3,1.285477665368749,2.3268036616405623e-06
SOWAHD,1.2841992508943645,3.3329436472080767e-10
CCDC74A,1.2838069903083265,0.0011741421940172
VWA1,1.2825126230946864,3.530227309360418e-09
TARS3,1.2795975696970423,7.476611714063243e-14
ABCA3,1.2782884393554732,7.007626525368128e-07
MIDEAS-AS1,1.276827799255908,1.2486207710746976e-09
SIRPB1,1.275372360540843,0.0001583407660099
TCF7L2,1.2743322970576347,1.3495451899025798e-06
PHLPP1,1.2731991699903262,1.977036986161107e-07
KCNK5,1.2729727278981926,6.537177662375617e-05
TMEM198B,1.2728972728723278,4.792051665534865e-06
BCL2L2,1.2728462413522363,9.111931074746672e-10
MAP3K14-AS1,1.270677499647269,6.156587707691294e-10
ZBTB47,1.2704944136766645,1.072359306892102e-09
FAM3C2P,1.2685367679183563,1.912691186098811e-08
KLRC4-KLRK1,1.268400413386484,0.0005022703200755
COL1A1,1.2679964776990913,4.761873399095649e-06
ACSL4,1.2662788951726132,3.734577081176365e-09
TMEM169,1.26596276680037,6.3974041140033875e-06
F11R,1.2659546573607297,4.95000919029727e-07
FOSB,1.2643150112296526,6.502788250638706e-05
CYP24A1,1.2637967040329254,0.0021042012095305
GCSAM,1.262611714642993,9.537982941217149e-07
ENSG00000279744,1.2596075270091611,1.5261966556998877e-08
FAM78B,1.2590289250264437,8.120161217028366e-09
AHI1,1.2582261779115171,3.207983594454403e-05
ENSG00000279602,1.256974295766855,3.672003530887991e-07
MAILR,1.253819294322741,6.294106241409131e-06
RYR1,1.2528121508224943,2.5065526068210573e-08
SLC9A7,1.251965873278361,3.469202470696483e-07
AEBP1,1.2515647264587488,0.0001800016904578
ANKRD42,1.2463052437994326,3.710901215214056e-14
MAP4K3-DT,1.2461531226508298,2.1678615088300112e-09
GAS5,1.2452585333911186,5.828384894115514e-07
PXDC1,1.245169645647831,7.420898436819558e-08
LBX2-AS1,1.239909147835921,1.1870659132011487e-09
CCDC141,1.2391315479802478,2.0991704314484782e-10
CCNB1IP1,1.2386999067169882,3.401612659796543e-06
TEC,1.2364783569933373,1.3078919016498928e-06
NOL3,1.2339174347101085,0.0027795580529956
MAOA,1.2298998374451895,7.071500495008081e-05
FCER2,1.2298653061971545,0.0005103504660491
HSPE1P18,1.2298259191557146,2.919400237164449e-09
SLC46A1,1.2296909247714762,0.0001471390183305
ATP6AP1L,1.2290988649182226,1.6653969107153844e-05
LINC01934,1.2275346566977492,1.918068353150962e-08
CST7,1.2268317523129912,1.9320820062834106e-07
TXNIP,1.2262558975642062,0.0005161121344521
DUSP16,1.224971685780031,1.5402894799903338e-05
SLC44A1,1.2245353117305513,6.458536544023121e-07
NOD2,1.2237225301095194,6.039951436944341e-05
NAPSA,1.2234700644394492,8.589016154972988e-09
CYRIA,1.2218032095242035,0.0002260932665078
CRLF2,1.2213967597615862,0.0030168199308995
SMPDL3A,1.2200357995798028,8.484471576147146e-14
ADCY4,1.2195928810527423,7.11087266761786e-07
RPL38P4,1.2183874409174824,1.3822214326995725e-06
C2orf92,1.2179873808564317,9.395312238307442e-06
NR1H3,1.216783199891006,1.427280583564595e-06
MCTP2,1.2149403496118918,1.558340934805803e-10
IGFBP7,1.2127605344530985,1.9851698886830665e-06
GLCCI1,1.2124987386925286,1.13161884981688e-10
ENSG00000270605,1.212464227370473,1.9221149140938787e-05
ASTL,1.2121673502278218,1.528880825975739e-07
HABP4,1.2119440847846432,1.570427034179871e-08
MCAM,1.2103135324930248,9.11030735253434e-09
EOLA2,1.2068540219694943,3.04270184156163e-15
SIRT3,1.20606839729195,7.294519377283588e-09
SERPINA1,1.2053315140508682,1.343349979799601e-05
CACFD1,1.205153622625109,2.6089429511027432e-08
SMIM14,1.2043451580563436,0.0005210058302082
KCNQ5,1.2036428442307368,2.567356417126243e-12
SQLE,1.1999670667723166,1.3321802967788106e-05
XKR3,1.1991239566159129,0.0001367892040248
LHFPL6,1.1968068798687748,2.4635199763183722e-08
REEP2,1.1949204915885945,2.1016818927896783e-06
BET1L,1.1936555041537176,9.71002472240061e-08
CLCF1,1.1931481222016052,1.0089118142348558e-13
SYTL2,1.192504970779228,5.97477199152191e-13
ABTB3,1.191052235235098,2.753070170769511e-06
PIWIL2,1.189970897828991,0.0001259848072753
TMEM38A,1.187934956829326,0.0008851666772199
SLC28A3,1.1849170410291454,1.369533286054442e-06
ENSG00000255823,1.184644831690481,2.958128213346682e-11
DENND3,1.184096188618029,4.51615464586507e-08
ENSG00000253632,1.184031988938074,8.46630589750301e-07
GNG12,1.1831773910885404,2.3834696486866195e-10
PLAU,1.1830406215058735,4.7255625514783286e-11
PDP2,1.1827561109686655,1.390207927859732e-05
TTC23,1.182210817125326,4.049456673418041e-06
DRD4,1.1812615069626902,0.0005027335892532
MT-ND4L,1.18002740136218,1.8626903869774513e-15
SPATC1,1.1774485263611774,4.118084339992171e-10
PLCG2,1.1760658229346488,0.0009149573973737
TPRG1,1.1757530140560943,1.002397129844089e-06
LINC02982,1.1756820954989076,6.256010605075847e-07
PLPPR2,1.1755965388737093,1.4722872571903587e-05
MTURN,1.1739503090893817,1.303692184430671e-07
SAXO4,1.169673992020889,3.106680527125645e-05
ASIC4,1.1682103729450497,0.0002854835437823
OSBPL6,1.1677536601966194,0.000503930709549
ORAI2,1.167157383301281,1.1310453403651937e-13
SSC5D,1.1648192722887551,7.681082769949716e-13
CD79B,1.164343362930602,4.7250113848618775e-06
PDE7B,1.164327942405945,0.0896707072066051
PLEKHN1,1.1640125558214611,7.5449813386434e-05
KMT5C,1.1628105780172646,1.982836697951528e-06
P2RX5,1.162380612129885,0.0084541818598081
CYP2S1,1.16206485030458,0.0016955206832921
TASL,1.161993350666339,6.006250081108353e-09
TP53INP1,1.1615444863604214,3.0680312161253793e-05
ENSG00000273284,1.158392159002202,3.159548518012462e-05
IQSEC2,1.15802085581825,8.635170845074007e-06
IL23R,1.1576448473893255,6.054394952066258e-08
TRIQK,1.1541896609033968,2.4958270745180153e-06
TMEM140,1.1537698326335608,1.1573596198985703e-09
JUN,1.1536667350915568,1.3647060476080972e-10
CPNE7,1.153203029008568,0.0245418355614268
CAPS2,1.1528015973304937,1.0829552074592446e-06
TAF1D,1.1519565158193332,1.7445674630373798e-06
RHBDL1,1.148558773615233,5.868645910118976e-05
NT5E,1.148190012268122,0.04663360662184
MCPH1-AS1,1.146869317137848,7.751650485342991e-09
SNHG33,1.146858363209243,9.165573215026647e-15
GAL3ST4,1.1450575060850543,1.7934747718210317e-05
C2CD2,1.1446690202840428,1.4561380790820195e-10
CTH,1.1426902613526173,0.0001629080896819
KLC4,1.1422925147078749,1.7116341011814712e-08
RGS2,1.1410331155495848,3.7055954260146294e-08
CCNO,1.1407467156165665,2.983756224271612e-05
ALDOC,1.1407433763881505,6.778409868774356e-08
CDH24,1.14040853699268,3.645062412893876e-08
GGT1,1.1399208343565528,2.6714009398456386e-10
ADCY6,1.139407655137564,9.492919871585569e-09
COL6A1,1.138853314346448,0.015968693230373
IRF6,1.1387523204864791,1.4127675017956204e-05
NFKBIL1,1.1377892468307786,1.3570745988092023e-09
KLF10,1.1372760199951966,3.2850738298286843e-09
C1S,1.1371341057771045,9.9107041111603e-05
PAQR8,1.137099050647238,6.6200460878384e-11
ANXA9,1.1364490744849478,1.1893829874452618e-10
PLIN2,1.1363197716991251,3.3953375813954276e-10
PTGES3P2,1.1362506032197397,1.6345758248775804e-09
CST3,1.135847125799998,3.9376106503495755e-08
C2orf72,1.1325187944280644,9.492919871585569e-09
TBKBP1,1.1324133921704105,2.0918890300727482e-08
TRAV8-2,1.1323388807910852,3.026353633655198e-08
LINC00539,1.1274546692790763,8.226600994015738e-10
EPM2A-DT,1.1272294332677557,8.87871569867196e-07
GADD45A,1.1229567619232093,0.000114234652262
LRRC23,1.1219874901184128,6.377431178556703e-07
TMEM198,1.1212929007013863,6.412361367374447e-10
SPAG6,1.1191785034555224,4.443670331714463e-07
LPAR2,1.1190421101376202,3.408069141907433e-08
SCML1,1.1178574197273776,0.000301598154693
TLE6,1.1162819723022743,2.893642469787398e-14
STAP1,1.1158021307378174,2.2110100284827826e-05
CACNA2D2,1.115122532345058,0.0041173768740752
TMPRSS3,1.112659605573961,0.0008639909597583
PLXNC1,1.1114388016759411,8.569403237001004e-06
KLRK1-AS1,1.1095055034125876,2.2663423856292786e-08
PLXND1,1.1094745067307408,0.0020243677367562
NATD1,1.1078542145603416,1.685476481812229e-06
EOMES,1.107493655619363,0.0098939683118404
ZNF322,1.1071857672772,5.990586797879031e-12
MT-TW,1.1038456891509143,2.843189765062213e-09
FMNL1-DT,1.1031800780907377,9.281621713440298e-07
CARD9,1.1029568972495931,1.1336405446629385e-12
JAG1,1.102696412961241,5.515980702845647e-07
ATP8A1,1.099508416683535,6.45793076094287e-08
KLK1,1.0993262105536985,1.5127298092778254e-07
HYPK,1.0983633672635051,1.866842629645722e-06
SNX9,1.0979560963916164,1.7077705459213166e-13
SLC48A1,1.097895636055754,1.941634390149833e-05
LINC01160,1.0977896836939105,4.103531342369223e-14
ANKRD34A,1.0954563958240242,1.5261966556998877e-08
ZBTB10,1.0953970473889745,5.2063313755818575e-08
SLC31A1,1.0951870679433542,3.30483230422914e-05
ENSG00000287644,1.0945306643388617,8.433348347882025e-05
PPP1R3D,1.0916238489886538,4.3445724528256897e-11
FRAT2,1.0909184455344207,6.657787485149369e-15
RGS3,1.0885825315287407,0.0010249010623003
NUDT16,1.0885098291625832,6.695084216340708e-08
HSD17B7P2,1.088232722854217,9.550242533144982e-07
TUBB4A,1.0864314214351416,5.0247807205994025e-05
IFNAR2,1.085829620172495,2.3093796397037335e-09
HSPA1B,1.0855164070078636,6.491430087296183e-07
CSNK1G3,1.085100671640646,1.9974798112532523e-08
LINC02580,1.08457502290263,1.45028268974933e-07
ADAT2,1.0844835183790882,9.353390749158595e-10
PLEK,1.0840053925449444,0.0084217666034295
KCNJ13,1.0833186489629274,0.0097420421892058
B3GNTL1,1.0832687854392409,3.595845717587538e-07
STRCP1,1.0818374327302496,0.0001158936216643
TCEA2,1.0817143661865822,1.4159583580653973e-06
PEX5L,1.0814724066109256,2.635144288585469e-05
TOB1-AS1,1.081273154715183,7.3854955611913e-08
RAB30,1.0812633012603512,1.7818755670390854e-10
CBLB,1.081169263947789,4.4795638539960174e-11
MIR3142HG,1.0795642082492587,2.6607155477690016e-05
ZNF619,1.0792399328868267,2.1556182697391348e-06
ORAI3,1.0790282471817734,9.281405551787226e-13
SLC35G2,1.0786228167455436,1.495325984548807e-12
PXYLP1,1.0779560798283438,1.0005255245515379e-13
DST,1.077613804312981,0.0010062468487038
PIK3C2A,1.0766873125373495,5.6913846586868663e-08
TIAM2,1.0766644642616487,1.519549509649438e-06
VWDE,1.0752833012329466,2.810632149039696e-06
FOXP3,1.074735910152559,0.1302267488217792
CXCL16,1.0741819220278588,2.881894913385876e-07
USP53,1.074119289131389,4.865978406692223e-07
MST1P2,1.0739643569933095,2.1607599626641473e-07
CHRNE,1.06960920060228,2.5263347890305446e-06
RIPOR1,1.0691363046608418,5.139412744309063e-07
SLC14A2,1.0690510690015294,1.9219798262104085e-12
WDR27,1.0682184346959156,2.834166069614201e-09
PAQR7,1.067624806161845,1.0203806339496187e-09
CD70,1.0671764173973743,0.0004958502827356
GRAMD1A,1.0666314362412388,1.2616308560218812e-06
GPR19,1.0650710241047123,2.4272144222931443e-10
MCEE,1.0650060617571082,6.207278530784524e-06
BRICD5,1.064715796265768,5.838881198807138e-05
BTN2A3P,1.0641363185408153,7.017439952338629e-09
NUAK1,1.0636867760424318,0.0003758835693232
SOS2,1.0633742259453234,2.479691299343772e-10
AOC3,1.0630939055369433,0.0019648927330881
ARHGAP9,1.0621832670104585,1.6907883593589835e-09
PYGL,1.062083250020852,2.0027516966546634e-07
YPEL3,1.0610021539941838,1.856298337809077e-06
ARHGEF2-AS2,1.0603657946508522,2.619870304468357e-06
OLMALINC,1.0599889703509155,0.0007289616448644
NLGN2,1.0596829057389798,0.0002571939112094
TMPRSS6,1.0584725673013928,2.6417227207711127e-08
ENSG00000287252,1.057389275167712,1.316962557451536e-07
CEBPD,1.0567593860326163,0.0035609954018721
ACSF2,1.0566353397338917,9.419278463977111e-14
INPP1,1.0563869882760382,2.1040259095360147e-12
PRKAR1B-AS1,1.056054641169497,9.631922509199329e-09
ENSG00000229425,1.0546793543425497,1.1029378213105453e-05
FGR,1.05375522632827,9.375772886561567e-12
PLPP5,1.0529756104845287,3.188975260729411e-07
CLN8-AS1,1.051807371840524,2.0066348892145482e-07
MCF2L2,1.0490982443959282,1.5004339562296514e-11
NDFIP2,1.0486661596371327,2.3068463082181346e-05
ELL2,1.048464634524291,3.5069374618852665e-10
PCTP,1.0480351994519643,1.967897158970135e-13
PDXDC1,1.047143912559898,2.964050568251807e-06
ZMYM2,1.046871345883174,1.7581074326915467e-11
CTDSPL,1.0468575636916295,0.0003542331283965
CDC42EP5,1.0459994328935018,1.06564183079304e-06
ZNF250,1.0449600793359206,5.2660663345966716e-08
PEX12,1.0448232331200276,2.097067266815269e-07
F5,1.0429462754767829,4.792051665534865e-06
RNF208,1.042854085066807,3.797528795295404e-07
KDM6B,1.0404957964390853,1.266675772136901e-10
MYH6,1.0402869654396918,1.6935292218386285e-05
LINC01001,1.0382079751438873,0.0001507095276103
LINC02019,1.0381574821896618,3.722838894163637e-11
ANKRD20A5P,1.037822779411096,5.491165544342546e-05
VNN2,1.0368567214217763,0.000134171597327
EOLA2-DT,1.0366461898974673,8.082990988013404e-06
ADGRE2,1.0354686301780915,4.4543946654348054e-08
NAT8L,1.0326029870069064,0.0048917952431492
ENSG00000253666,1.0321955102048692,2.4143919084501086e-06
ALDH2,1.032008003040707,0.000890864661518
FAM135A,1.031896944143028,6.835503144814799e-11
GRIK4,1.031431655207432,0.0002139521695706
PERP,1.0310794765304223,6.604825291592997e-09
KIAA1217,1.0308791765638805,1.0806174460754331e-05
CDC20-DT,1.0304781822588711,1.2829536993314945e-06
SLC12A4,1.029670146412025,4.5322954751043503e-10
OVGP1,1.0295366291694417,4.798717067692977e-08
RUSC2,1.028656802467613,0.0002486326936717
RAB26,1.028280788991161,1.0783290329790411e-08
SH2D2A,1.028001864329689,3.722138136374806e-07
TM6SF1,1.027329213429956,7.371632880240134e-07
GOLGA2,1.0271659075844664,7.0020896890161474e-06
DLG4,1.0264056202576135,3.120027569976293e-12
STAG3,1.026389601537686,3.257282661905314e-05
LINC02051,1.0257943540709609,8.324767674558637e-06
PLAUR,1.025639878980478,5.796096779842705e-06
TNFRSF14-AS1,1.025019185736323,5.661146623408915e-07
ANKRD29,1.0245614076279448,5.966198534765869e-06
SKIL,1.0241637252560911,3.653180505071431e-09
PTPN11BP,1.0213867860025625,0.0030594028911808
SETD7,1.0200326295922872,0.0001208605276827
SAMD14,1.0193073745519148,6.370345970684263e-07
JUN-DT,1.019072215822762,5.154032048997254e-07
P4HA1,1.01734869503062,0.001440305074802
DDIT4,1.0167527676839043,5.041592941574962e-09
KCND1,1.0167084894853402,0.0001815008453547
TMTC2,1.0165249318423224,2.083167229085875e-05
TRIO,1.0158780828037035,0.000442136715904
EEF1AKMT3,1.015742931262419,3.712905464469406e-07
SHC4,1.0145654700682256,0.0002540282273189
SLAMF6,1.0139150444497034,9.090803659856992e-08
RFTN1,1.0130332594969769,1.8754382369773227e-11
RNF207,1.012369549020824,0.0070008884571881
ENSG00000286177,1.011679588008749,1.896748335552751e-05
ENSG00000273748,1.0114102975596948,0.0011714487155671
PAX8,1.0102869740929843,0.0001906840168295
FAM131B,1.0069882928452178,0.0031341737363242
PAQR6,1.0053676606304744,7.578784307735391e-09
IGHM,1.0053506338844351,6.419518498195992e-07
DYNC2LI1,1.0045970743934762,3.606483077828107e-09
CTBS,1.0040227862076794,9.806853092821595e-10
STRC,1.003970147956467,1.3758730068545546e-07
GOLGA1,1.0024691047213317,2.0000559582096495e-09
RIPK2,1.0017465373598018,0.0003238857114503
SORD2P,1.001336522701091,2.4944718479622516e-07
RUSF1,1.001227347968225,2.4944718479622516e-07
TSPYL2,1.000795823778084,1.2690176744977152e-08
EEF1A2,1.0005761721918187,9.91850735514482e-05
ENSG00000205959,1.0004781174279935,5.0341760733818046e-05
MTCO1P12,0.9996377812906676,2.968661457119608e-07
REM2,0.9989582708959676,0.0002139705647024
GOLGA2P5,0.9987946490657028,5.548654995315928e-08
LINC00944,0.9980120045684402,0.0003199247742148
CACNB3,0.9976175897376822,2.4618009272606883e-06
PDGFA-DT,0.9972785492283702,3.711802435933932e-07
CHST2,0.9961269895723186,0.0007568643591088
BCAN-AS2,0.9945433586755787,3.5442471101423727e-10
ENSG00000287245,0.9944720079386504,4.5442312737215665e-17
YES1,0.994422079735032,0.0016418072782367
SLC15A2,0.9941920346186032,1.6416903247761698e-05
C12orf57,0.9938999664670654,2.614627973729515e-06
MYO15A,0.9938619200902524,7.175280018277628e-07
ITGA9,0.9935184307286102,5.716023832645598e-06
GSDMB,0.9930967150829018,5.925031169020003e-06
N4BP2L1,0.9912583027721212,3.4046466648944104e-08
SH2D1B,0.9909160349523378,3.026531930262752e-11
CD2,0.9908140729057244,6.162943586032392e-14
TNNI2,0.9896306459466144,5.3600496486410476e-11
MT-ND3,0.989566823563692,2.3183081726103643e-14
TARBP1,0.9891166288345036,2.554769820139276e-09
IFNLR1,0.9886868862301714,8.777511428273005e-05
RBPMS,0.9886206848667358,9.297305262838529e-08
ERBB2,0.9869703942299312,1.5551034565144516e-09
ARMC9,0.9868224888422212,4.6611686175409426e-07
DDIT4L,0.9863081460361818,0.0003672209545856
SLC30A3,0.986283833817263,7.687361182177761e-06
CPNE8,0.9844633543664154,0.001859071478795
DBP,0.9828147008110116,1.1956227777152098e-06
PLPP1,0.9814597624198154,7.295988002357626e-10
MGST2,0.9802562236804122,0.0005311649931032
TF,0.9795880716986624,3.3378065621161735e-06
ASB13,0.9795466088386884,0.0099239343385832
TNIP3,0.979169681786752,5.0899900595857576e-08
LST1,0.9762572651985524,0.0013128285958325
PANX2,0.9751125872503096,0.024345852935056
SMAD7,0.9750142321992604,8.164559716986947e-14
KCNN3,0.9742592939525824,7.077964021004567e-06
KLHL6,0.9726269518764036,6.363648842781753e-11
LRRC32,0.9725261777922528,0.0173645482292008
AMIGO2,0.9721978148665706,1.2754158199339112e-06
ZNF584-DT,0.9709368489633396,6.397001044423646e-05
ENSG00000255182,0.9708382432552078,4.6213179244418685e-05
NCAN,0.9706397022564944,0.0004148465088751
SPATA20,0.9704334346055532,3.740028554012241e-05
SYNGAP1,0.9701900456604866,1.48504127075018e-05
ZC3H6,0.9701715251337032,1.9415167509200804e-08
PLA2G4A,0.9700242308964336,0.0054206995338478
ENSG00000260086,0.969623279124081,5.3167478258379074e-05
CAMK2D,0.9687898639711968,3.710901215214056e-14
PIGL,0.9684481474553456,3.0189324490625777e-05
APOE,0.9681692242331152,0.0010056147814541
AKT3,0.967684307259745,8.387936218996967e-10
P3H4,0.9674973534923828,2.017913133312604e-06
GPR161,0.9674222365633128,9.514532876902188e-08
DLG2,0.9670465520291068,5.4582068836042674e-05
CXorf38,0.965963365632371,6.402186257498305e-05
UPB1,0.9657303812776998,1.6112807528686376e-09
TMEM216,0.964751423168268,1.805614014083452e-07
SEC14L1,0.963197935197818,7.539606032178126e-05
ACRBP,0.9628563187964928,1.0862495127128979e-07
LITAF,0.9628131341155646,7.441513720613307e-07
ANTKMT,0.9611219111311412,0.0001401141907696
LINC00540,0.9609784953310062,4.35418192753442e-07
GET4,0.9581399996889974,2.0728987606156005e-07
PCED1A,0.9560303672773064,2.2026753368839435e-08
ENSG00000260563,0.9552243412050172,2.513748958613682e-06
ZBP1,0.9547023963481168,0.0505091764950611
SFI1,0.954245826525689,2.749012647559858e-09
SRP14-DT,0.9529888606522694,5.104387413631029e-05
HEXIM2,0.9527654390403542,1.809015771908971e-08
PRICKLE3,0.952311698942351,4.1889250053085024e-11
PAPSS2,0.952302552960112,2.3797277092691134e-05
KLHL2,0.951137945182218,1.7477205402250723e-09
GABPB1-AS1,0.9511373837361824,0.0009561354701698
FMOD,0.9510390321036456,1.1987578049622443e-09
P2RY10,0.9497786076038645,2.3479743472110053e-12
YWHAEP7,0.9496685940729872,4.212373161567095e-08
ENSG00000260276,0.949397741319182,0.0005786214888748
CCND1,0.9487536760862862,0.0039759010671787
COCH,0.948216929703392,0.0003210671802632
MT-ND2,0.9482065802426458,6.428932536926926e-14
DUSP1,0.947536160686659,0.0007540558956786
SUSD3,0.9474501966472096,1.4447067431527732e-05
MTCO3P12,0.945963446593784,1.0358387833024609e-07
ARF4,0.94547712403703,0.0002994956783982
EOLA1,0.9452515838772726,1.4328956737100562e-10
ZNF541,0.943821056498308,0.0060869676136657
AOC2,0.9434678866983004,0.0066314776200479
NAV1,0.9427554821299162,1.7204729006429103e-05
MAGEF1,0.9427131904581372,5.4887557001696175e-11
RUNX2,0.941508655014962,1.2125511953282034e-06
PCAT6,0.940378993180364,1.0895659798504593e-13
IFIT1,0.940094532423586,4.3673288761706766e-05
KCNMB4,0.938843379505347,1.1776910045961315e-05
VEGFB,0.938622915617434,1.8825189419493403e-06
LETM2,0.9376086024882072,4.665335651520776e-07
AHI1-DT,0.9375545586302718,0.0045293336661907
BMP2,0.9365025752428896,3.242709287960811e-12
ST6GALNAC4,0.9349369478174072,7.778234847386155e-08
TLE1,0.934739055989506,0.0035389589917457
PDE8A,0.9343736786329764,4.369222097484528e-06
ABHD4,0.9343469418004018,1.894227003451921e-11
WNT5B,0.9342144812928448,0.0079812531466497
PDE4DIP,0.9334481086054388,3.24499298946616e-07
RHOT1P1,0.9329145724202056,2.511636900961813e-06
TMEM156,0.9324199709910216,0.0001014568176113
HMG20A,0.9310884970244642,6.931340630216723e-18
IGFLR1,0.9309378703935236,4.554650151250219e-10
COPB2-DT,0.9307844505537792,6.329648095525752e-08
ENSG00000273654,0.9306098657694925,3.3530974034743425e-05
ITPKA,0.9304395112204094,0.0061754286045968
SLC25A30,0.92939215654299,1.2446166172506405e-07
RHCE,0.9293647527152132,0.0002490382875348
LTBP4,0.9285572651688838,0.0003964168983514
ATG16L2,0.9285291368371782,4.1575081403589975e-10
IL1RL1,0.928181198631973,6.97646295528505e-06
PLXNB1,0.9268831568397304,0.0014619970415944
TRIM16,0.926717825807874,1.0933071815388738e-05
GNB3,0.925817519197775,3.442710421079502e-05
PTPN3,0.9220041480366924,0.0041161242558055
SIX1,0.9218453194311296,0.0003826194720816
TOX2,0.9215750128902594,0.0231964656928706
UCN,0.9213861987889422,5.627094453649632e-07
CASC15,0.920360701958516,2.3522696106181265e-05
LINC00847,0.919980377694487,1.8834852886318176e-06
LINC00243,0.9197698464124968,2.1782306652121224e-06
COL6A3,0.9186171134562576,0.0042474037054275
SLC17A5,0.9185652687591728,2.9648410789700862e-09
CDK5RAP3,0.9181595633876808,1.9045346679578748e-06
PLCD1,0.91747179032983,0.0005088080067826
GPT2,0.9169740382939224,0.034013244878226
NPC1,0.914406824665182,5.954772311289957e-10
CYTH4,0.9138816655214068,1.1400923083241265e-13
TRBV23-1,0.9137949952987954,3.679925993786272e-05
SLC37A1,0.913407973959298,0.0002378465432556
DCUN1D3,0.912628998637986,0.0001415388603333
ABCG1,0.9121707509978116,0.0075482680516606
MS4A6A,0.9121653924740584,2.014715079785918e-06
CTHRC1,0.9109182626076516,0.0009534860190789
ZKSCAN4,0.9107687250210764,8.4308970521638e-07
ZNNT1,0.9106825302483296,0.000135794488743
SEMA3B,0.9104914573453854,0.0015315979892036
KBTBD3,0.910221223126502,5.7186321459601844e-08
TAGLN,0.9100606582544768,2.5448001759378646e-06
LRSAM1,0.909779410209616,9.510708736894518e-09
TPTEP2,0.9091049412707282,5.189727130902934e-05
H2AC6,0.9089016902934204,2.995920304839914e-07
MTND2P28,0.9086443763558272,3.403642819601108e-14
SOX12,0.9062562150469088,0.0010085653288758
LINC00963,0.9042397599540256,2.4454901258275086e-06
SLC16A5,0.9035389185211252,0.0101551690793483
SLC25A36,0.9034295154573266,2.0704558532392325e-12
FAM8A1,0.9029424970065794,2.5705173122144003e-10
AFF2,0.9025194791286651,1.5647570568951008e-05
ENSG00000260261,0.9024635643994952,0.0003002023201394
STX1A,0.902290404544456,6.670311978141068e-06
SFT2D1,0.9022390203373812,1.3524914638997052e-05
DLC1,0.9021642017768468,3.766360024065126e-09
ENSG00000279196,0.9017659487499554,2.915175467569082e-06
KIF9-AS1,0.9003075243030907,9.05606287146312e-11
PEAK3,0.900192897870662,0.0111229758448745
ZSCAN30,0.8996752293050791,5.143942257357945e-07
ENSG00000267317,0.8992580984696841,8.973605307011287e-08
RDM1,0.8988445056855889,0.0076849995927976
RAB32,0.8976817927665842,0.0069294792593136
ENSG00000285793,0.8963319393868103,5.661146623408915e-07
TGM5,0.8961939225795424,3.172127545345562e-07
ME3,0.8956705156390581,0.0002203492013373
PXK,0.8954425933006682,4.191579105443168e-06
IRF2BP2,0.89533191502397,6.700466802042618e-08
PDE1B,0.8949807193785659,1.3384020571596042e-06
CATSPERG,0.8946276610777704,0.0001838132264683
CREB3L4,0.8940410992670489,4.739677457325796e-09
ENSG00000283294,0.893708011753294,1.40073787875785e-05
ACP6,0.893386050563755,1.021425122621093e-06
LAT2,0.8920418200522553,2.5564491494038093e-05
FUCA2,0.890816925436992,0.0017978791020148
KRTCAP3,0.8902416634142785,1.7162681698182078e-06
ALDH6A1,0.890227535982886,2.302552470625924e-07
LCAT,0.8898988711573286,1.3742800128183615e-09
CD86,0.8893514042836506,1.5443364980495528e-05
MFSD4A,0.8891059502393173,8.411651682507833e-06
SLC35F5,0.8890177435822633,1.220989827838567e-14
ENC1,0.8879423288936632,0.0074321913986991
ZNF766,0.887928623570378,1.2836755435742716e-06
CFAP53,0.8877646659741006,0.0004607903164434
DHCR7,0.8877428717529448,0.0041479170408348
PARVB,0.8871737628547649,6.492299024816852e-07
GAL3ST1,0.8869028636242943,0.000896442326311
HSD17B8,0.886433962872835,9.852807058183345e-08
NTN5,0.8862366254166408,4.403996552410165e-07
RPS18,0.8860665856471606,2.1239436797321678e-08
PGM3,0.8855130693975934,1.2969674992873851e-05
MAP3K6,0.8843066095245131,1.702131140714763e-06
FBXO30,0.8841163744657128,3.8013675967932616e-15
MIB2,0.8839260856698976,8.185441287369713e-08
MT-CO3,0.8832088886027396,3.501858062483373e-07
ELOVL4,0.8822363464514673,2.925104891856107e-06
FAH,0.8816072488322284,0.0006796137694301
REPIN1,0.8806918454527821,2.465848823931632e-07
ZNF25,0.8806090377202964,4.4099175437949187e-07
MYEF2,0.8794172709545345,1.4329026794662351e-08
GPX4,0.8789250406414908,1.8764706408373745e-07
ENSG00000287725,0.8785288129210621,5.668660973039314e-08
ALCAM,0.8782972251515124,0.0005070735696075
UVSSA,0.877837971194884,4.587638818792654e-06
CMAHP,0.8778341050341059,5.647601476888187e-05
C17orf107,0.8770586912113734,3.093050888194206e-06
SLC4A10,0.8769421464640219,0.0005950711794993
ZNF550,0.876779493990441,4.0096939820265506e-06
DDAH2,0.8766698112167095,1.3785192987043297e-05
TNFAIP8L3,0.8766084960673558,4.873932878680059e-06
ZNF155,0.8750706089808071,0.0003917862059627
CAMK2N1,0.8749935767201529,4.637399847497807e-05
CHPF,0.8746593705448591,1.7293456153621863e-06
RAB3GAP1,0.8743665371158169,1.1491298440999704e-08
INTS6L,0.8738039112429057,5.939885729347281e-12
CIB1,0.8736896243822745,2.604579516437398e-07
BICDL1,0.8732191954491508,6.860766257499244e-08
TIMD4,0.8727445841833288,0.0025279015789139
ENSG00000256045,0.8724104649803632,3.742361674213109e-12
SYNE4,0.8721327350018031,3.2102687450595497e-10
FAM238C,0.871674651080142,7.443464964982251e-06
IFIT2,0.870990242974331,0.000291474826566
BORCS5,0.8708431744924727,7.43097032841456e-12
SPIN3,0.8699069025969983,0.0172105149826628
ZNF217,0.8696635496248248,5.502425746116332e-15
SH2B2,0.8693337143932949,0.0007798979593416
STAM,0.8692974189529714,9.350707888078284e-07
BAZ2A,0.8692110285677188,1.6107460398955947e-10
NPIPB15,0.8691754004447538,0.0003469236829352
MACC1,0.8681816013176397,1.7891597483768345e-07
WNK4,0.8679845832662297,0.000771818096567
CCDC28B,0.8670231190254096,0.0021309490559367
XRRA1,0.8667962126302973,2.4828800021758904e-11
OSR2,0.8663745392471273,0.0008869826410749
NDUFV2,0.8662141798098508,0.0100892126493492
TNFRSF11A,0.8660878447571765,0.003108593290561
COG1,0.8658571695407895,1.5510571805987893e-07
CD151,0.8626722131980893,3.241528237949176e-07
ZNF627,0.8625066615735872,7.681946550116245e-06
DRAM2,0.8619997686682073,4.876247767047508e-08
RPL36AP37,0.8617565803797782,5.0480486208677646e-08
P2RX7,0.8610937448491307,0.0001643550807994
PDE7A,0.8609518152992903,9.04657447769498e-09
LINC02649,0.8606752549524026,3.42169268340312e-05
BBS10,0.8606580138344793,2.4735768029679475e-09
RAB39B,0.8603620285549343,1.0834052187956459e-10
CBLL1-AS1,0.86009919904325,1.7250563098135674e-10
PELO,0.8598619410879937,1.096028776095902e-06
SPON2,0.8597373074279573,2.097889709099863e-06
AMZ2P1,0.8596225523597494,8.068578641975246e-08
KDM5B,0.8583230655325265,3.264925038961943e-10
MYO18B,0.8581060857160163,0.0028740656594659
JRKL,0.858105551104186,2.767514795527962e-07
PDE4A,0.8578545521423271,3.945744696783675e-07
ENSG00000286743,0.8578439381231926,0.000605210925147
TMEM63C,0.8577508409906273,1.0908580455012031e-05
GCHFR,0.8576910905344572,1.1858278315904154e-06
CKB,0.8563190118362363,2.836677970615322e-06
CHCHD10,0.8559647842004665,5.321744761347306e-05
RAB33A,0.8559462870975874,2.506260834216202e-08
ITGAV,0.8558438781050812,4.294673640834588e-11
SEC14L2,0.8553231646203181,2.337075678776378e-07
DYSF,0.8543600402604328,0.0394684857566143
CD63,0.8540852590224741,0.0001616086031162
UBE2QL1,0.8537739546244709,5.540749868051505e-07
DNAJC4,0.8537530460715628,1.706354233789132e-06
S100PBP,0.8535685633317618,1.37626341389961e-12
SERPINH1,0.8535270056678383,1.2349751455783734e-09
LBX2,0.8533991158836682,7.504349036645791e-09
ZNF496,0.8527710233152463,1.462691915509131e-05
PTP4A3,0.8526432183724437,0.0721186128389675
PCSK4,0.8525001600265192,1.0731962765493342e-05
SPIN4,0.8524082730388569,3.5366915556483566e-05
CRELD1,0.8520443085385698,1.5985594989824533e-05
ENSG00000262663,0.8519858629509754,4.016331511849987e-10
RPS2P46,0.8504634412403047,1.8109647082793576e-05
FCGR3A,0.8501755896419533,0.0482072497318219
GAA,0.8496343271044049,0.0003089185577655
IKZF2,0.8492670036656005,0.0539490900914698
TEKT4P2,0.8489670581820812,0.0017879272061099
TDRKH-AS1,0.8487981486642691,0.0001659949369087
MORN4,0.848756522778751,3.053445185939639e-09
COL5A3,0.8475800557560591,0.0017611838992283
MANBA,0.8474359581061712,8.997802097668555e-10
HMHB1,0.8471550961708156,1.0819564833795489e-06
PIK3IP1,0.8471222640912526,0.0067248325217326
LINC00475,0.8466073412953465,0.0005119914596276
TMED3,0.8462191325093391,0.0002080551709212
MT-CO1,0.8460808595974658,5.1716521491013135e-06
RIN3,0.8452901692654855,0.0066123880064077
HPGDS,0.8450214742112676,0.1190166630836468
RFX8,0.8445383778503497,0.0201645158698642
SCNN1D,0.844440170979599,1.9011789203530453e-07
PDE4DIPP2,0.844241129597906,7.480161096090813e-05
TNFRSF1A,0.8439556822111731,3.7285787741338674e-10
SLC4A7,0.8434866554313816,3.7161018582512043e-07
ACTR3-AS1,0.8430039783639613,0.0001350089187703
RHOBTB3,0.8424035439148606,0.0070179244330526
ENSG00000287420,0.8423086382758631,1.4073391351186548e-10
TNR,0.841934148037257,8.147572739907759e-05
NLGN3,0.8415448150657201,1.744920346234798e-06
CCDC78,0.8415280797611324,0.0001114422013206
C12orf76,0.8407112953767233,1.5357973094672914e-05
LIMK1,0.8401763869554104,7.01823007126066e-08
C3AR1,0.8389225531954323,0.0192414881676735
NIPSNAP1,0.8383616385196921,5.675730452743376e-11
QPRT,0.8380308980754987,0.0058167894434932
LINC03040,0.8377980008444098,0.0029150158255102
BCAR1,0.8376600800061926,4.983201601858406e-10
NAT9,0.8376274913284911,2.492986373970117e-05
GRK3,0.8374098344685059,9.424974736814976e-07
LINC02715,0.8372060091807964,5.88751984432036e-05
INSRR,0.8368067081274005,3.2024963961347576e-08
RAD52,0.8367846947625788,8.41842323470346e-06
GGCX,0.8366902412312891,1.3498489123060676e-05
MBOAT7,0.8347882114401326,1.0805655532215936e-05
P2RY1,0.8344749386277697,0.01329874839644
OGT,0.8342681936390104,5.0022804327953007e-08
CSF2RB,0.8341551614502487,0.0068935963569578
ENSG00000272661,0.8335648266581547,3.020473262624449e-07
NFAT5,0.833335205130469,3.0655099706328726e-06
ALKBH7,0.83319113912109,1.993149011543027e-07
ZCCHC7,0.8321370056929993,1.255951333529937e-06
GGA2,0.8321018956424862,3.457270804183087e-06
ABLIM3,0.831487464593832,2.4081115074514953e-08
METTL25B,0.8313631671085053,1.6202728493214994e-11
SIDT2,0.8313397413301375,4.960993898253513e-07
THG1L,0.8312583005293539,1.225135820651148e-11
PEX6,0.8304976347913922,7.610944658328366e-05
ZNF254,0.8301274549366728,7.586401775801054e-11
TBC1D12,0.8298152786308487,1.3956744252972063e-05
MINCR,0.8291728741083553,5.840627290680877e-06
TRAF1,0.828731931418548,1.301005340658118e-05
RTCA-AS1,0.8286763621501478,0.0001020508684446
CD63-AS1,0.8277945997663911,8.906764012274064e-06
ENSG00000272941,0.8276341970314016,1.8846574401103768e-06
RAB12,0.8274795893783167,1.996053701695184e-05
MPP1,0.8273219077065779,4.032794743839797e-05
MIR223HG,0.8272461623943902,0.0051588842558656
ENSG00000247679,0.8269633643887639,1.954335298956346e-06
MRPS30-DT,0.8268094319577439,1.5549925334411965e-12
BASP1,0.8266381993637653,1.7477917208591e-05
OSBP,0.8259886792426974,2.1641715006867863e-05
HNRNPA1P21,0.8259349740948645,0.0016030419749889
C20orf96,0.8256752149657731,4.2016072499076534e-09
HPS4,0.8247386324183061,3.4502099354915754e-08
LYPD3,0.8247024692481055,3.2749978748651705e-10
KLRC4,0.8237653436961816,0.0031882739616228
ENSG00000278948,0.8231056322285273,8.794527369700324e-06
STRADA,0.8228295234201193,1.3157666560526566e-10
ZNF563,0.8224618368526591,2.9915637121473208e-05
ZBTB46,0.8214039080708804,7.3456902413427564e-06
AKAP5,0.8208646654995375,0.011861186442988
ECM1,0.8208034512438547,3.954375755588712e-08
TNNC1,0.8207248430406293,7.927503322911894e-05
CDK14,0.8200944003873148,1.7690393178125096e-05
TMX4,0.820082949098027,6.201305641098293e-08
GATA3-AS1,0.8200034692785105,0.0178972294974159
ZNF785,0.819553066265855,1.3974278293974827e-06
MPP7,0.8193629516243905,9.498214847355038e-07
ZKSCAN8,0.8191567566529026,1.7545959167403154e-09
ICAM4,0.8175737612383578,0.0041249003266564
CCNG2,0.8168364875275502,2.3112840090750788e-08
PDXDC2P-NPIPB14P,0.8163048048178316,8.104316613443167e-05
MICA,0.8154828015167257,1.08416985191043e-05
ENSG00000230490,0.8153306293422964,5.139716056191436e-10
NDST1,0.814842510212267,0.0001537408591611
HOOK2,0.8146705867062947,8.076858312602664e-05
ENSG00000285646,0.81441066886596,0.0001000447164049
ARSG,0.8143759220203157,9.638878904333228e-11
PITPNA-AS1,0.8137443796357609,5.867564812703086e-09
LINC00520,0.8136809745995686,0.0008430361055978
CLIP2,0.8135544571748174,1.9633862228526053e-08
BTAF1,0.8133168069958359,0.0002906107117342
SMPD5,0.8127516576769774,5.675730452743376e-11
RPS18P5,0.8127481110073953,1.368643885186397e-06
IGLON5,0.8126969829177388,0.0002996957918604
POLR3D,0.8125161531693923,0.004705735968932
ENSG00000205537,0.812263338856313,1.8051781993021653e-12
PEG10,0.8122109184771444,0.0018467481212752
DENND3-AS1,0.8120616060239683,2.616216157086506e-05
EBF4,0.8112226301349185,0.003147877298854
ACBD4,0.8093587077299276,3.5763587740463296e-05
TMEM39A,0.8091860366090762,1.0611130619062107e-09
TCEAL1,0.8091061019515042,3.9237166904765776e-08
FADS1,0.8088361920258968,0.0387908059557791
GALC,0.8085747706980566,4.5697323778072124e-10
HAVCR1,0.8082368315799027,0.0075409456689173
ARHGAP8,0.8081057327754735,3.183483279699549e-05
ASNS,0.8079729227870948,1.081198990225935e-06
ENSG00000286190,0.8078714182868518,0.0010105523182557
TVP23B,0.8074818019011714,1.2125511953282034e-06
CCR8,0.8071412616686793,0.0038561742771869
LINC00426,0.8061648389284546,6.723059341742116e-05
GCNA,0.8058230179797952,1.6360555831433557e-06
KASH5,0.8057593443712515,0.0001680919468493
BMS1P10,0.8057180261832934,2.8067289867236836e-05
ACOXL,0.8055817966549503,3.4273750257047645e-08
CPT2,0.8053614363058315,3.93954236955274e-12
PRDM8-AS1,0.8049689892089429,3.3432470085214702e-09
CD59,0.8032067764895334,0.0026673995698987
MT-ND5,0.8029019006002294,5.780583365009149e-13
ILDR1,0.8027157006488592,2.753734904331314e-10
SVIL2P,0.8026005844984521,0.0009018783663505
PEAK1,0.8025534282140789,6.638112500713808e-06
VWA7,0.8020668067289027,1.6839400681778493e-05
PKIG,0.8020005669896509,1.5728094671803822e-05
RPS2P5,0.8017450533690749,0.001850652846756
STARD13,0.8014876470528384,2.8234583675918052e-12
ATP6V0A1,0.8013904573658128,3.933975696158257e-05
ENSG00000271857,0.8009592452482153,0.0077507291698006
STX17,0.8002733898155574,2.2749226669070688e-11
GFPT2,0.8001972207038354,0.0062651100688953
ATXN1,0.8001386131560917,6.401608206355082e-12
DOK7,0.799649541083604,6.414792239691428e-07
FYN,0.7992345191209038,1.8286005760855988e-11
APOBEC3H,0.7984896511371744,1.4327671651840804e-08
ENSG00000274678,0.7979385377844409,0.0004586429563115
ENSG00000255145,0.7976108980543222,4.351148740209998e-10
SELENOM,0.7968167805520332,0.0100950098252359
MTHFD2,0.7965671377737138,0.0176512717640863
EXT1,0.7953111887165272,4.144728817369614e-07
SQSTM1,0.7947013770107665,3.9413508537933185e-09
CCR7,0.794150168100328,0.0595943336743174
ARHGEF2,0.7938410018174409,1.5754755542048914e-09
HDLBP,0.7937618424697774,5.9342471836248726e-08
KIR2DL4,0.7937534003895614,0.0001056898073583
ASPH,0.7935200273260352,2.332979502559236e-07
PDCD4-AS1,0.7934721687063024,1.318213868856276e-05
ABCB7,0.7932694353765388,7.715927781834304e-07
ENSG00000240535,0.793179024918901,9.621661030661726e-07
ADGRD1,0.7919023409870953,1.6768433097857493e-05
STK32C,0.7916093943474212,0.0157422079063544
JAKMIP3,0.7904346125559442,0.0004889955712473
DNAJB4,0.7902023929728648,1.7522792478708e-06
LETMD1,0.7901965308158498,1.1316312728838788e-05
APMAP,0.7895870487966725,1.348358722934662e-08
LYSMD1,0.7894519465893917,0.0034149810501107
APOL4,0.7889757108544107,0.0688937341792
ENSG00000286488,0.787840358679939,8.602445060639581e-05
ENPP2,0.7876551191288395,4.043670106008708e-05
B4GALNT1,0.7876463468056676,0.0034199139610027
ATXN1-AS1,0.7871454233672861,3.305105725694918e-06
EPB41L4B,0.7867820286832903,0.0012763749306595
DYRK3,0.7863157131577694,7.371632880240134e-07
RP9P,0.7861831092450347,9.375151791356844e-07
PRRT2,0.7857481439487077,4.99430421833453e-08
SLC27A5,0.7856251482514702,9.281577725949988e-11
CFAP68,0.7856144644508145,1.7785963124149595e-06
PRSS33,0.7853160842332025,8.381492606383965e-05
TNC,0.7848752362797807,1.0731070034850536e-07
AGK,0.7842975100785834,8.052880222312607e-06
CCDC197,0.7841690489993199,2.599007181827278e-07
ENSG00000230882,0.7836365519942259,2.980213431851969e-05
SLC12A5,0.7831769923928479,5.1215843928522705e-06
UBE2H,0.7829428970251726,3.077511211514726e-10
CEL,0.7828844922390215,0.0001047230799494
CDRT4,0.7824921446832408,5.00463434913327e-14
AOAH,0.7822593127753041,0.1832793823660978
CBX7,0.7821749408947012,0.0004028384148326
ARHGEF17,0.7816347749345242,4.3924082954660144e-05
CBY1,0.7815968584673563,1.3024871886542655e-06
ENSG00000225889,0.7815961294976641,0.0009236381503998
MAP4K3,0.781352709163956,2.469173126147874e-07
FNBP4,0.7802606247858028,2.3403260340935273e-06
ZNF83,0.7801902328520853,0.0001766860756941
ST8SIA1,0.7801290836157315,0.0173173850156301
USP44,0.7792397588899518,4.65113740881249e-06
RPS2,0.7783296671212554,8.213121482251954e-06
IRGQ,0.7773215997283947,1.9215846167511027e-06
GSTO2,0.7763790805689486,8.080349470435308e-06
ZNF616,0.7761776812547767,1.0977675017443503e-09
ARNT2,0.7756216298982228,0.0001018518764878
ZMPSTE24-DT,0.7750256523167249,5.342143168461989e-07
CTPS2,0.7748958952712264,1.1844077307896158e-14
HSPB1,0.7746039194233587,5.922513333725472e-06
TRAV13-2,0.7742678249319552,4.4635695653224135e-08
CEP152,0.7742331705252852,0.0121977888319026
EXOC1,0.7741987531699115,5.719514722150642e-06
ENSG00000244560,0.7741069072967328,6.200576315809019e-05
SNHG29,0.7739876857299164,5.537110190284376e-05
PJVK,0.7739761255279655,8.713870153643392e-06
CHROMR,0.77337057830466,2.874610273990107e-10
DNAJB2,0.7731278828898258,1.2552724084954905e-06
ADAMTS7,0.7730565038975594,0.0018690052487885
ACADVL,0.7725574146291088,2.9576947277334326e-10
GPR157,0.7720508243559512,0.0001015886500601
UNC5CL,0.770985924890589,1.4706244703569326e-05
FTH1P22,0.7696826556299388,1.9273031729283894e-09
AMZ2,0.7696814393926701,2.4517663674361367e-05
SMIM20,0.7691755421249526,1.086935225178213e-07
MPZL3,0.7689259881058037,1.250653069498388e-07
KDELR1,0.768685583881501,0.0002101519498842
ZNF282,0.7685318963733705,0.0003222082877058
ACTMAP,0.7681480579215751,5.10547309368683e-09
KIZ,0.7677301536949548,2.1577869623585527e-06
MPST,0.7675854066449048,4.1126210767496893e-10
CCDC14,0.7675636192517352,1.1886783600721615e-08
C2,0.7675184083489548,0.0013750305414229
ARNT,0.7674077979910612,1.9987427039799937e-13
ENSG00000265380,0.7671905964263921,4.611470452850654e-05
PARS2,0.7667077741860575,3.136915355556795e-12
SAMD5,0.766176818894178,4.125751189199003e-09
INPP5D,0.7657663378361974,6.862862227477596e-13
GCC2,0.7655518809130237,1.263773871822357e-09
MTCO2P12,0.7653584245920992,0.0002743496240371
ICAM1,0.7652377515394502,0.0007761388775398
BST2,0.7646936165834202,1.4614508973836613e-08
OXR1,0.7645932864736897,1.859577215092757e-07
FZD2,0.7641609588382822,8.964199171664168e-12
PCOLCE,0.7640528555925914,2.837613956859763e-07
MT-ATP8,0.762794598154084,3.368424795978663e-06
H2BC15,0.7625926606470348,2.19351490362236e-05
SHROOM1,0.7621423310105353,0.0001127527557496
MBNL2,0.761775788075612,2.7974057977384705e-08
DUSP5-DT,0.7617357200648607,8.142401445725435e-05
FKBP14,0.7617301201851436,1.9532563457366683e-06
CYP2R1,0.7609085173298276,9.983282926671004e-05
RLN2,0.760885348304533,1.0010283954704445e-07
PLB1,0.7607215227475319,4.312446371312275e-06
PPIAP45,0.7606002592044019,4.753604121625188e-06
MARCHF3,0.7604622019273894,4.335088889763409e-06
WIPI1,0.7603903472082338,0.0006480466253979
PLEKHA8,0.7599184554533958,1.163885011239583e-07
SIGLEC12,0.7593920599550836,0.0186581260289678
MT-ATP6,0.7590820709149728,5.531347868063141e-07
ENSG00000287625,0.7585502763716409,0.0005409757107441
RPL7AP30,0.7580322521339142,1.0664814123383767e-05
TSPAN11,0.7577290125576612,3.6232100679005085e-09
THRA,0.757721314752128,1.881091362625352e-05
BARX2,0.7574906535894242,2.536501423928682e-09
C7orf57,0.7566577372131538,0.0015625163728006
ARHGEF12,0.7563345964540833,0.0005863082337916
IVNS1ABP,0.7559337706368856,0.0172224384361301
AP4B1,0.7558537721330882,6.839148261652469e-08
PCYOX1,0.7549694292643467,7.944780412001422e-10
ERMP1,0.7549644077058746,3.584533484364744e-05
ST3GAL5,0.7545984208483398,1.397161025316954e-13
S1PR2,0.7531171296731674,2.0474794135156403e-06
RASAL1,0.7530951934660637,0.0006424110127391
ZNF675,0.7528216841101227,4.9016719241728474e-08
MATN1-AS1,0.7521581196334419,0.0003608600018492
PPARA,0.7521522391157571,2.540013518561734e-10
ENSG00000286977,0.7520747690254483,1.1444546654238832e-09
AIM2,0.752000866632325,8.70571859414082e-05
QPCTL,0.7508548541258651,1.0337707971328374e-06
PCBD1,0.7498763260236476,7.019778051935449e-06
TMEM158,0.7497968807155105,0.0038485092346844
ENSG00000287200,0.749630082293916,1.3122523964478412e-06
EXTL2,0.7495180833912944,0.0055607067920758
SEPTIN7P14,0.7494703804336793,6.052281318564211e-06
CD84,0.7493072530389089,0.0010265482800566
TBX19,0.7490699983259572,1.8314694897955206e-07
KRT17,0.7479515655293214,0.0001196254440659
TBXAS1,0.7476581827286011,0.0658338161363389
PPM1N,0.747600785815629,3.140897760295098e-05
SCD,0.7470334445639715,0.0981347507485288
RGS18,0.7466404532831177,1.1032115061061548e-05
SAXO3,0.7463112901695554,3.782210697561593e-10
ECH1,0.7463104984297253,1.346980658295146e-07
NFX1,0.7462568900177793,3.285706629719688e-07
CHD2,0.745860072049835,5.720288064516671e-07
ST6GALNAC2,0.7453722553919762,4.800429353359027e-05
ENSG00000276334,0.7450822085203597,5.3022243437212915e-06
ADGRL2,0.7450530613341766,2.2489810581996243e-05
SYNM,0.745047537351283,0.111799789795059
GALNT7-DT,0.7450353115308685,3.3941225243481884e-06
KHNYN,0.7448047801984163,5.2364540782604754e-08
PGPEP1,0.744218999900303,4.766720465760017e-12
SETD5,0.7441720276002748,1.447052961282422e-07
DENND11,0.7441478641057033,0.0004500459304739
RSPH3,0.7437900055445503,6.540511587586238e-06
STK16,0.7435525258254669,2.212699505213097e-12
RPS18P12,0.7434957698054614,4.0057934833263145e-07
MYO6,0.7431222437944174,0.005364842445992
ANKZF1,0.7427934540912089,3.172127545345562e-07
ACTA2,0.7416366295691286,0.0014075251712421
EHD2,0.7414432079724506,0.0001600232604942
STAMBP,0.7413471717404247,1.3101342753634658e-07
SPAG9,0.7412700172603142,0.0009393566220198
LRRC28,0.7408282409513856,1.9205983996336358e-11
SEMA7A,0.740543490422596,0.0892385156243824
ZNF197,0.7402162439010391,4.361686511482883e-07
NPHP3,0.7399924175257389,3.554097591478178e-05
SSPOP,0.7388525543697333,1.081659396744639e-06
ENSG00000273443,0.7385325028338869,0.0004639948989706
SNHG32,0.7382506719155266,8.147572739907759e-05
EPS8L1,0.7382354171063579,8.987024468968749e-06
HMGCL,0.7382210922205177,1.050581804406333e-11
FEZ1,0.7375194656487118,2.0298418114283848e-05
TUT7,0.7374257653762326,4.538482707412127e-07
SAFB2,0.7371587856577744,0.0003118257814264
CD80,0.7367358803212913,0.0059729148206101
MTATP6P1,0.7366135041357351,4.011396243343401e-07
ALDH8A1,0.7365347516728004,0.0005017381735938
FGF2,0.736527952673686,8.440752323216302e-07
HDAC5,0.7363937579286048,0.0004163288028532
POLD4,0.735702465155248,6.535602442934573e-06
TUT1,0.7354259138817065,1.378427982680495e-07
ZCCHC24,0.7354237228302583,0.0006476463097906
LAMC1,0.7353817472851403,4.6869828014897606e-07
TMEM92-AS1,0.73472348088317,5.21757028652638e-06
TMEM168,0.7343556180767257,2.212699505213097e-12
KCNN4,0.7328891175371908,1.2224727526847677e-06
RPL12,0.7325266196395983,4.814923391464684e-07
CDK18,0.7324569799574874,0.0005478949127162
INPP5B,0.7322616983578696,7.67215822524082e-08
TPM2,0.7317147573369791,9.50306560743779e-05
USP3,0.7314936716110116,1.8277388304906083e-14
CEP68,0.7312389217413457,5.343912580389709e-06
GPR107,0.7310872883398956,0.000752826572106
LHX1,0.7309951623011712,1.1547110699819094e-05
TMEM185A,0.7308128190414704,3.8719918295413513e-13
MIOS-DT,0.7307885394938819,3.992788800491647e-09
DUSP22,0.7301983655170234,6.998625112800114e-12
MRPL10,0.7300360211988135,1.148321756312382e-05
MIAT,0.7287351790905632,0.0049241408799256
ZNF774,0.7285399941535382,5.043537723445857e-11
CLN8,0.7284669831024853,2.51439943288862e-08
TBC1D2B,0.7283660991548633,1.6380759868053282e-07
TNIK,0.7280185433260833,1.32762338585965e-06
MYO15B,0.7278635647676954,2.956689717765434e-07
CFAP36,0.7271062998236317,5.011393518782398e-07
ENSG00000272973,0.7270674518950877,1.5193895993998271e-05
MAML2,0.72701757273067,1.6280058390003147e-09
RN7SL1,0.7269415965546906,0.0004440641763419
TIFA,0.7264309828294802,4.648223343558066e-06
IRAG2,0.7260800760949362,1.1391363103461937e-05
GABARAPL1,0.7254216331445145,0.0206904964224654
SGMS2,0.7250408293639092,1.4257579892131178e-05
ZDHHC9,0.7249339115820002,0.0003029621094435
BTBD8,0.7246479033110362,0.0005022703200755
ENSG00000218426,0.7244897381798627,2.0670817766058548e-05
SLC38A4-AS1,0.723771415893329,1.6008804482249972e-07
TBC1D8,0.723554427018695,0.0005070735696075
THAP9-AS1,0.7227489891666625,0.0015843636652906
TUBG2,0.7226658225461584,0.0005514519592486
STARD4,0.7223557734414578,4.027747803246576e-05
TMEM41B,0.7222470366760563,1.480217057515456e-07
CCDC188,0.7219626720206356,0.000243983187494
GM2A,0.7219096947004013,2.65302896406583e-08
CTNNA1,0.7214675394946326,2.3295288078199527e-07
TBL2,0.7206528528643119,5.598478001342646e-06
RNF19A,0.7196728939239829,6.735374480654414e-08
ATG2A,0.7195090984805965,7.2546642612647935e-06
PPM1L,0.7185688269267696,0.0001548460761147
MT-TT,0.7185106830730095,2.2538853853140624e-05
JUNB,0.7175501231101729,2.3105475498419008e-08
LMAN1,0.7173907482631838,0.0005148779815956
KIF5C,0.7173310529005414,0.0004448030757387
TBL1XR1,0.7173105567008058,2.0356115974541976e-16
ZSWIM6,0.7172952774546775,1.0150265110637365e-07
C12orf60,0.7171404388746071,3.4758696177092874e-08
GATAD2B,0.7169882290100285,6.98675263937579e-06
ENSG00000254400,0.7168640417917218,8.398995450151861e-05
CREBZF,0.716644680476505,2.170594859888528e-07
JAML,0.7163058444346895,0.0003326014009201
GOLGA5,0.716163813660299,0.0001969242794182
IQCJ-SCHIP1,0.7160791948497034,4.243453363214389e-06
OSBPL2,0.7156806605353738,5.465287739512016e-06
CREB3L2,0.7149162829811813,6.299363169247568e-08
ENSG00000261596,0.7148808491724923,0.0043281457919654
ARHGAP5,0.7147458293845883,2.6009723169214714e-08
SLC25A13,0.7146335473327659,0.0001160709538637
OLAH,0.7143857305999957,0.0033229323426406
ZMYM6,0.7143489831893186,1.056732658185032e-06
CEACAM19,0.7142901034188933,1.4256691864839128e-07
PGGHG,0.7141091259825227,0.0008284581621237
SPACA9,0.7139601233310611,2.9564768963484112e-05
SMIM10,0.7139200298769841,7.805864265732542e-06
FAN1,0.7139100692370626,0.000155701949159
RNF24,0.7136615507342343,3.900094582143114e-06
ENSG00000266980,0.7134775610776654,0.0002577774176954
KLHDC1,0.7134416339241876,1.3641821951591932e-05
OPLAH,0.7129697610345087,4.576869203607219e-05
GPR15,0.7129494075342162,0.001421104506575
P3H1,0.712468304482508,1.6993473739069517e-05
TRBJ2-7,0.7120546354984791,2.0871782224069823e-05
ZNF579,0.7108706453939995,6.414106575003426e-07
ZNF547,0.7107045939909378,3.8887635105134106e-10
MTX3,0.7105255915920301,1.4106774028287596e-05
DCAF8,0.7105034309943683,8.147572739907759e-05
UBASH3B,0.7100346424707338,0.003545890735547
RECK,0.7098380848300652,4.417242569103104e-09
CCR3,0.7095749095594363,0.0997295407225151
LTBP3,0.7094370050960208,0.0017740797057034
HSF4,0.7091776676685373,0.0439105015388487
SEPSECS,0.7091661047676254,1.0366328147163943e-09
KIF5A,0.7082234423519589,0.0002646729009478
SEC24A,0.7079325930252276,0.0058172893649558
SSH3,0.7075532354073157,1.1292277278218944e-07
STAT5A,0.7075438668468017,8.347011863463343e-11
IFT140,0.7072957887641245,1.9742997562305401e-07
LIPE-AS1,0.7068588217941251,2.0010721281755987e-08
NKD2,0.7066482393191469,0.1202838253671685
TMEM269,0.7066073708194693,0.0007335191319914
HSD17B7,0.7064355874668049,1.219872549772301e-06
PLD3,0.7064262436085507,9.924919584803582e-07
LINC01841,0.706149867978979,1.8681853248070719e-10
ZNF175,0.7060019151698129,0.0004100065721163
NINJ2-AS1,0.7056399893108165,0.0008535746474538
LRRC36,0.7050404972351848,0.0003251488410962
ZBTB43,0.7049171792568583,0.0007984027671703
KANK3,0.7048922817467282,3.11356079077879e-06
TBC1D3L,0.704534828287914,0.0012387776677774
SRGAP2C,0.7037641449252354,2.548090552027373e-07
FAM86B3P,0.7035247209664091,0.0043967908871256
CDC37L1,0.7030013209228061,2.946297883776553e-07
ZFYVE1,0.7028894156536563,4.849794003651075e-10
ENSG00000230551,0.7026344884594837,4.639187894812747e-07
KDELR2,0.7025157804009075,0.0076866481633692
EMX1,0.7023170191732367,3.833753420801905e-06
AFMID,0.7019765261367423,2.3338858250733183e-08
TIMP2,0.7017941865343902,1.4832497446772084e-05
NT5DC1,0.701766932562907,4.457817163217756e-07
DBT,0.701611299249385,7.064744948215467e-12
TNFSF9,0.7015477397964944,0.0035447010574573
INSIG1,0.7014436765703236,0.0003952671810094
CAPN11,0.7011684382957994,0.0105177679874804
LINC03143,0.7007699009198126,1.7762404679734137e-05
AMPD3,0.7005826676135083,4.552200060604406e-06
TNNT1,0.7005565269276944,8.832368797923882e-08
BAIAP2L1,0.700372600709003,0.0025512036453058
RAB3A,0.700277168944538,0.000207293662948
AKAP8L,0.7000987270422021,9.310904414763508e-10
ENSG00000232578,0.7000807018631326,0.0555872905117247
ENSG00000274213,0.6999220171514322,4.3462866190410914e-09
TATDN1,0.6999010686536606,1.6964047524042643e-09
TRIP10,0.6998373916640999,1.103706513079012e-05
SLC1A3-AS1,0.699777996926168,0.0001062420121178
ENG,0.6997720504717693,0.0022275312312252
CXCR5,0.6995563675309255,0.0005079500440655
ENSG00000273151,0.6995260531744778,0.0289006429007195
TTC3,0.6994759726184112,7.390762235060171e-06
PAGE2B,0.6994040641750822,0.0002065082066349
ZFAS1,0.6992409052048125,7.063258757551807e-06
PHLDB2,0.6991826361778459,0.0004558052814864
VWA5A,0.6987633177502857,2.1168204464622328e-05
ZNF526,0.6987007773981673,2.034785882659033e-07
C12orf42,0.6986992820893823,0.0031369925623139
PTN,0.6986788918545441,1.124045397082824e-07
FAHD2CP,0.6982779142060451,1.866842629645722e-06
MYH7B,0.698146858562871,5.327639708916217e-10
ATF7IP,0.6979134821147204,5.218753933753552e-06
MANSC1,0.6978537655707562,6.001315372758848e-05
STPG3-AS1,0.6977578088253267,0.000407840571559
ATP12A,0.697745996188396,0.0404731881081151
RNF103,0.6973767522317029,1.713486714007524e-07
AHSA2P,0.696996855633075,0.0001281494758304
MSMO1,0.696851432846314,0.0083874637445308
ANKRD22,0.6960640516836168,1.6792433899848646e-11
DDHD1,0.695784438577892,7.929912396567788e-09
TTC17,0.6956395311638355,1.961778277784172e-08
TRBV6-6,0.6953848409724337,0.0067570844082555
ATOSB,0.6946622941289577,2.8209847439394405e-07
EPHX2,0.6944872041217907,0.0776543387664082
ENSG00000276248,0.694249715336997,0.0002775531079437
WLS,0.6934807914446984,2.3394243078233405e-08
PUS10,0.6933627351858225,7.248874864783497e-11
STON1,0.6926005792327541,0.0001642356487004
RRM2B,0.6922129422833168,7.692095118324006e-05
TMEM256,0.6921130514865244,7.075071615264829e-08
DCUN1D4,0.6918012228148349,1.9415167509200804e-08
ZNF585A,0.6917446376429446,4.026741157746948e-05
ZNF227,0.6915979836416248,2.953412848059731e-10
ZNF230,0.6915296439542766,7.50617175872246e-08
PLCD4,0.6914898488911405,2.0897453783980494e-07
AGAP1,0.6911824661067276,0.0071718731949109
RPL7AP6,0.6911422057107712,4.842228384717138e-06
RPL31,0.6910166961448851,2.3891960081197407e-05
CDKN1B,0.6907632015258418,0.0001034730564975
PLAAT4,0.6904283926006549,2.6454428275786836e-07
HLA-DMA,0.6903381341825661,0.0002564234684007
POFUT2,0.6902707181946015,0.000421544943286
ENSG00000279631,0.6902638005359778,1.2469308985825742e-08
ENSG00000288061,0.690142904402609,0.0004269889262418
INHCAP,0.689961726395019,2.2037838653047953e-08
MTR,0.6899605961369097,8.760682304595011e-09
FMNL3,0.689913285946063,0.0014577713320056
ST3GAL6,0.689775766236611,6.603006927828767e-07
ZNF561-AS1,0.6894388122193662,2.58099272844968e-09
LINC02878,0.6892840470200128,5.293264536700105e-06
FAM151B-DT,0.6887098335246219,7.686272020937881e-05
TLCD2,0.6881018369429498,5.604560830468137e-05
STXBP5-AS1,0.6878074589284263,3.5883337385364974e-08
LINC00899,0.6872643259538385,0.0083247012431743
TMEM263,0.6870228055664143,1.5514409161756726e-05
TMPRSS13,0.6868218737895635,1.3383275422671277e-08
GUCY1B1,0.6867608846300969,0.0032500311045702
LPCAT4,0.6865889618978951,5.257735278526089e-06
DNAH17,0.6858552703095409,0.0002672328351945
MTND5P11,0.6854007639787987,1.4107162399858754e-07
RGS9BP,0.6853507824644505,5.32270119829941e-05
LINC02156,0.6850573484133027,1.4932774416122517e-07
ZNF182,0.6841407869654756,1.6117191011006944e-07
APBB1,0.6836228127773483,1.2896005260967364e-08
RARA-AS1,0.6836209792674771,0.0001295819445773
HES2,0.6835812811202199,0.0091750736303726
ZKSCAN1,0.6834864366915738,6.337007861741208e-06
PDLIM7,0.6833849810405068,0.0073682288949976
PLAG1,0.6833453069982478,0.0075816559525292
LMTK3,0.6830153650859376,0.0207672277896401
EPOR,0.6827004806722514,1.2953020984223535e-10
WDR54,0.6826833584223042,1.6420068316550923e-06
STAC3,0.6824264926718815,5.624894851959307e-07
CBX8,0.6823725799712745,8.703935749142988e-07
BICDL2,0.6819975207112456,5.442746228948999e-05
RFPL3S,0.681305776061676,0.0040484161551704
CD28,0.6811363439452229,0.0740569931544481
SLC24A1,0.6809091698996306,9.44106035277914e-07
ENSG00000263276,0.6806072426750323,4.9950447244485976e-08
TMC8,0.6802482192393136,2.3617457264714087e-08
ZNF875,0.6801876236097684,3.965427957119311e-06
EDEM3,0.6800930105970737,2.346689557464694e-07
GZF1,0.6799419731800063,0.0013445943013216
IRF4,0.6797681869417573,0.0004312149661549
ATP13A4,0.6794578973344594,0.0002292988909016
CDR2,0.6794263903062516,5.8979651441792e-06
ZNF692,0.6780445823497896,7.446474914904565e-07
REXO5,0.6776848580573525,0.0389595688953727
PTGER3,0.6776538978609354,0.036859549445814
ARL4A,0.6769014205022885,0.0001098356628715
USP43,0.6766050823393139,0.0366224002686289
ATG4B,0.676502452202187,9.662489342756323e-08
DUSP10,0.6760383792919065,7.626400492528608e-06
ZNF710-AS1,0.6760083756350133,0.0001535813431384
MIR29B2CHG,0.6756505008640101,8.768945223445358e-06
SDHAF1,0.6749235594621861,2.153469025374508e-09
GIHCG,0.6749081691435777,3.7060183300002697e-06
THBS4,0.6744531301325412,0.0090963923506764
CCNA1,0.6741927671360317,0.1418062463589068
HNRNPLL,0.6740243634869953,1.848083836653612e-08
H2BC5,0.6735653476236223,6.529141856453443e-07
GNRHR2,0.6729985890640524,0.0001888629786502
H2BC12,0.6727713695801629,3.166966145870646e-09
SLF1,0.6724277941251398,2.883024741160539e-06
SNX5,0.6723201948001565,1.5266825195861728e-06
WWTR1,0.6723099017656567,1.308771695347848e-05
DORIP1,0.6719794231793133,9.797026920063266e-07
ENSG00000188897,0.671358028157163,0.0003952671810094
SHMT2,0.6710434654881192,0.0004577413264426
TARS2,0.6710014744252826,1.192371329384621e-05
SMO,0.670390386510196,6.660914258087625e-06
SLC67A1,0.6702721249399959,0.0021483383454168
APH1B,0.6702178640934284,5.950664294142045e-06
ENSG00000259820,0.670096730834511,6.129265366249887e-08
LINC02175,0.6697744742872396,2.364998584011435e-06
ENSG00000286760,0.669214739136373,8.514545148892808e-10
TRBJ1-6,0.6686613483217503,0.0001496965335426
CD58,0.6680042793067154,0.0001271526885122
HOMER3,0.6679324113706017,3.4878014441800173e-07
UNKL,0.6678341509964536,0.0001244472460357
KCNQ1OT1,0.6677401984095142,0.000223431642267
LAMB2P1,0.6676478303606663,0.0008787973438477
THAP6,0.6670405065941325,4.031386540038636e-16
PLA2G2C,0.6667197627745287,0.0015144069095022
JMY,0.6664944750540176,0.0019844333084863
MPDU1-AS1,0.6662438913729076,0.0010561251054542
GRAMD2B,0.6658788397680198,1.049359818258126e-05
CMC1,0.6655551208111468,2.3161270131622698e-08
SIPA1L1,0.6647103136618346,1.836791156701784e-11
GZMH,0.6641806746682137,0.1749985376189163
DBH-AS1,0.6641777613399675,6.173557885054106e-08
HBP1,0.6639877117777093,8.019375263686435e-05
SLC20A1-DT,0.6638589108816673,0.0007598531205686
NR4A3,0.6628408462116502,0.0001675374984469
WDR5B,0.662723857347904,4.4227976692221235e-06
SRPRA,0.6626476329461113,0.0025465822946909
AJM1,0.6626146769299144,3.420295619317845e-06
TRAJ3,0.662391456319827,2.248054577079134e-08
H3C6,0.6623163903294886,0.0001870224659215
ZNF334,0.6621219376838632,9.190042839238143e-05
PTPN22,0.6610239293208586,5.3319205355873e-06
C3orf52,0.6606190622918191,0.0015821836861903
GUCA1B,0.66002982314657,0.0379183500676689
PABPC1,0.6597580597629253,4.730130787684097e-05
SAT2,0.6596667243999326,2.7019823416534453e-08
BBS12,0.6596110643815165,1.523382371887282e-06
COG6,0.6591897057772647,7.775573637574054e-07
MCL1,0.65908975838515,2.2148323980195808e-10
EBLN3P,0.6589056121200452,0.0002745048153069
JTB-DT,0.6585296405031128,3.098399151006439e-05
ZEB1-AS1,0.6584801442943538,1.7094922031023275e-10
ENSG00000272030,0.658479183681378,2.350524193578049e-07
PELI2,0.6583743815195358,0.0575363046456203
SP140,0.6583700996546575,0.0044901196255575
DOK1,0.658177224714855,1.0670084673606884e-14
LINC01163,0.6581766997511946,0.0002259841298942
SNHG8,0.6581164778727633,0.0035588417448131
EVI2B,0.6579098188818664,2.6725979707575508e-06
NR2F6,0.6578297414702126,0.0006653045619101
NCALD,0.6570152178977215,6.817599667034158e-12
RPL7A,0.6569752917227643,2.458695893670089e-06
ZNF436-AS1,0.656645186897609,4.652631207660974e-05
DHRS2,0.6560670570657421,0.0003422352571176
ANKRD10,0.6560148471658529,7.427112958625721e-07
HCST,0.6555835191083919,0.0020399958369319
NRSN2-AS1,0.6555214641892946,4.54778212574409e-05
ADPRM,0.6552279994919088,0.0017765074621072
EEF1A1P6,0.6551813661177119,0.0012206884072014
TMSB4XP6,0.6551579293362044,1.89584939440155e-05
ENSG00000239246,0.6550686418321003,0.0002619062467462
PIP5KL1,0.6548367382666151,7.566370530926429e-05
CCPG1,0.6545436959134472,2.0253934045115074e-11
SESN3,0.6543435168110427,0.0619156507470091
XYLT2,0.6542849212315058,1.9231668446487196e-07
GK,0.6541860640461898,7.04739700459799e-05
ZNF404,0.6540216078109121,2.6280369363807503e-08
ARAP1,0.6537996490418339,8.307846199266912e-08
ENSG00000256148,0.6536797493615911,0.0003304205615423
RRP8,0.6535480577993855,0.0002353630379586
ZNF438,0.6535475047639832,2.5865710524488225e-07
ENGASE,0.6533868393315103,0.0007732558740394
TMC6,0.6533760430050553,1.0975502634096312e-09
INO80B,0.6531447424927657,1.61942216924561e-06
HERC1,0.652926954852906,9.126641208004327e-10
SH3YL1,0.652496650044605,0.0110805792629902
CD226,0.6518969933371155,9.894530141789019e-10
PRSS22,0.6517854495985663,8.180196332205593e-06
ZUP1,0.6514494089827334,0.0082173734296478
MET,0.6513574102537547,4.494850799663613e-05
LINC01943,0.6512348421473773,0.0068361258065313
ANKRD28,0.6512219940650485,1.640352623634963e-09
ENSG00000213062,0.6511609432904139,6.655923566409163e-08
ABHD17B,0.6504936074986727,4.92022991614813e-16
ZBTB6,0.6502805551668174,9.11358892051091e-06
CCDC74B,0.6502193001991597,0.0049328363190293
NDUFA4L2,0.6500317300915671,0.0015865084062741
DDX4,0.6499401661310886,0.0003839426126196
BBS4,0.6498616693262846,6.455815690939256e-07
DPY19L3,0.6494957065179836,0.000115955716074
YPEL2,0.6494857050978577,7.443041269535094e-08
PDE6G,0.6493160264621127,0.0015207793128691
TBX21,0.6492804719771623,0.0571457175372346
C1orf74,0.6491133750107267,0.0003396567145741
ANKRD18B,0.648950137506059,2.699734778405479e-06
ACSS2,0.6487983005928122,0.0643486579517704
USP35,0.6487050762807618,2.5065693265837797e-10
YJEFN3,0.6481590149366836,2.3938721571892003e-05
MT-CO2,0.6481389481559283,0.0006355648107328
NAP1L1,0.6478036828025928,1.669772307029357e-09
SERTAD3,0.6477374879888127,4.321547844021878e-07
KCNK6,0.6475583088296126,1.1264792092903192e-09
ZFAND1,0.6475265683116902,5.313522767952688e-06
IGSF3,0.647439552434502,0.000663509831589
NBL1,0.6474384405935698,0.0010685445541781
RPL27A,0.6473267991841638,2.1820824074600528e-05
DHX58,0.6468250112055349,1.7042975646127226e-05
EXD2,0.6461442906976145,0.0012624066808213
EEF1A1P19,0.6460850135355538,0.0005629253088942
ENSG00000279182,0.6457956926195219,1.6876783985229776e-09
MT-CYB,0.6455069916997402,0.0011180262250442
SIAH2,0.6453281369670911,2.476563477101325e-05
EIF3J-DT,0.6452853169369956,0.0004100065721163
EEF1A1P11,0.6450961206519277,0.0026234086757389
MGAT4B,0.6444510336070817,6.838712552823837e-13
SLC25A35,0.6440398570709598,1.781677379845072e-06
TSPAN4,0.6438449322861839,0.0020177145547458
DOK5,0.6432613248761455,0.0003825690799928
ITGA11,0.6430527237915421,8.944262532760949e-05
SPTBN4,0.6427341790664218,0.0001704466728119
RALGPS2,0.6425000438434573,0.0330202786690224
NOB1,0.6421981669701902,2.305593403115751e-05
IL18R1,0.6421324042592111,0.0072321859243894
EEF1A1P13,0.6420803759579474,0.0025570190546802
CEMIP2,0.642016872295029,0.0001366731520133
GOLGA3,0.6418426128226038,0.0022131063381627
CPNE1,0.6417997688569059,2.7690520636255507e-05
ACSM2A,0.6408502870490181,5.838554708665426e-07
SNRK,0.6406761481171417,2.3170313136906717e-10
SNAP25,0.6398705135432006,1.4759499314763397e-06
C20orf204,0.6397116847796394,0.1681072138859834
WDR91,0.6395692506425421,1.954335298956346e-06
ERCC6,0.639413293152101,7.735257707072971e-06
LATS2,0.6392233848803777,3.5794219871209553e-05
TRBJ1-5,0.6392157502644336,0.0006192062354615
MIEF2,0.6392116909873846,9.736101451405813e-08
TRO,0.6391463991445259,0.0027016497746055
ENSG00000185641,0.6390186146614383,7.41348664823701e-05
ZNF35,0.6389954264006319,0.0004603763382773
RN7SL535P,0.638836921453914,1.1184040439940201e-13
ING4,0.6385905226881405,0.0001211625420642
MED8,0.6384603738950716,0.0053613405489182
THBD,0.6383863405135803,0.0001701617027299
PIP4P2,0.6383148617655134,0.0057973583136823
PMEL,0.6382708984855714,1.9006690461146635e-06
ENSG00000286909,0.638196246090031,4.047767867857278e-06
PHF21A,0.638056436214443,2.1128054993432533e-07
C2CD2L,0.6378931574668654,0.000174157989276
COX18,0.6378918999354042,0.0001715615216417
FAM117A,0.637532354756992,0.0001511215851361
LINC01275,0.6361678783663834,9.236827741984034e-05
TTC38,0.6358380245422177,5.969867948599862e-07
HS3ST1,0.6357048195902792,0.0289992806968947
SCAT1,0.6355785169013225,0.0002398943332366
CREG1,0.6355625976853121,0.0012746160337045
PROX2,0.6353349305545862,0.0037640857009547
RAI1,0.6350249307614639,1.1878616987716413e-05
SEMA3A,0.6343456138221113,0.0001360636471324
CATSPER2P1,0.6339444800742039,1.540023725104192e-06
ATF4,0.6335719839653979,3.2981725473584274e-07
ZNF433-AS1,0.6335231886127499,0.0005772573546372
TNFAIP3,0.6332060790175866,0.002305160929232
TM2D3,0.6330995997531312,4.003955751932928e-06
TP53TG1,0.6328404927175137,0.0045523308333929
VPS9D1,0.6327557786650275,0.024863314505926
DCTN4,0.6326142668698065,0.0007531223999134
GPC2,0.632613907347364,0.0021591720551717
GK5,0.6325518316602645,8.531077776919225e-05
FAM131A,0.6325233799121479,0.0002256557871577
CHMP5,0.6320365045345149,9.146695673745403e-06
ODAD1,0.6318497279989768,0.0003772810594978
LDAF1,0.6315695614902319,5.986986197477433e-05
MORF4L2,0.6313010185994266,0.0019917504787599
CD274,0.63108076164395,0.003112229849919
GARS1-DT,0.6310364233651473,0.0015032730021353
HSPA6,0.6308800108975926,0.0102273754397105
TMOD1,0.6299319810390237,0.0257472220915584
NLRP1,0.6296984470465068,0.0002555376963704
GDE1,0.6295530984098425,2.128779179408554e-06
KCTD21,0.6287880687553011,8.329092139988378e-08
DPEP2,0.6286492899996903,0.1124688704159064
ZNF267,0.6285067241583695,0.0013767635118642
PRPF31-AS1,0.6284859359148017,2.9081508571959273e-08
AUH,0.6280578190986175,1.1179147471634974e-06
ASCC1,0.6280227024577032,7.932698210565213e-07
RASA1,0.6280104196608063,1.8286636586073144e-06
TRIM4,0.6278011945623874,3.057076939239321e-05
RPL36,0.6274267749779785,2.3596679782706795e-05
RPLP0P6,0.6273438024343863,2.6923010520889132e-05
LINC00663,0.6272426756829511,2.554412738106459e-05
IER3-AS1,0.6270964502460372,6.517755145131816e-08
ZNF2,0.6267497593383675,1.60224369255802e-06
GIRGL,0.6260153111297965,7.804119721308578e-09
RECQL5,0.625948646861505,9.842835330690672e-09
SNHG19,0.6252179906812187,5.266031956694209e-05
TFAP2E-AS1,0.6250971011534827,0.009295898899594
ZNF397,0.6249637707712528,0.0011253849836075
HOXB-AS1,0.6247799756025856,0.0317310907456878
MICALL2,0.6247355943404003,0.0005022703200755
TMEM132A,0.6244215218454516,2.6526579928588407e-06
IMPDH2,0.624372359452626,0.0633027705870354
C1orf198,0.6242991499501733,4.957299018904314e-07
SH3TC1,0.6238447127651523,0.1488738126321594
OBSL1,0.6236015603351456,1.1276160555462186e-06
MAP9,0.6232771227403768,1.5647570568951008e-05
TRIM23,0.623183591694473,0.0001020508684446
ARL11,0.6229009966912143,5.425865438486244e-06
MED28,0.622328293615289,2.003126298699208e-05
PPCDC,0.621414502852808,7.269842502394173e-05
MPG,0.6208510989281031,2.8116630021150076e-10
GATA3,0.6207897724666482,1.675072192496984e-06
DRD2,0.6207611112381698,2.1017338062562747e-07
STX16,0.6205934635181531,1.4551762970990554e-05
TRAJ1,0.6205581657823299,4.278057832986632e-08
RPL23AP97,0.620300738001015,0.0001435168708951
ELP2,0.6201963403810744,1.802557040060714e-06
SLC12A6,0.6201503169967335,0.0001709888787285
ENSG00000284691,0.6197435797069617,0.0010254908625099
SCN1B,0.6195811321795143,1.4189391719697977e-07
ABHD8,0.6195226702248,1.1244358092775446e-07
MOGS,0.6194148961388999,2.5065693265837797e-10
TRMT2A,0.6194012493929586,8.464032355756421e-05
RBM7,0.6193532242630488,4.959254557248525e-07
CARD10,0.6192230883135305,4.158399575634338e-05
PLEKHO2,0.6191383466513241,5.011245579341571e-14
DPH7,0.6188861429523724,1.343349979799601e-05
MSRB2,0.618475549132798,1.9393755987350136e-05
GOLGB1,0.618221377216452,3.5858156375045452e-06
PRKCA,0.618145425839506,2.558213301192946e-07
ACVR2B,0.6176772498001459,0.0003623316913603
FBLN7,0.6174645308552983,0.0052492113776607
SPACDR,0.6174418767347967,1.0382832299103425e-05
COA1,0.6174137908060455,2.016080886641292e-11
FOXK1,0.6171593179643144,8.684532172653986e-07
ASAH1,0.6170424931614651,0.0003087523399705
TRIM16L,0.616310138450298,0.0038825023722467
ZNF225,0.6162538515014884,1.0150265110637365e-07
LINC00265,0.6161160036043172,2.3770714168279108e-05
RBMS2,0.6155674396652078,0.0044134940777137
MT-ND6,0.6153275912601366,6.116706576528515e-06
RFX7,0.6150149554636624,1.5336526522042242e-10
GFPT1,0.6148014552263641,0.0015144069095022
SLC19A2,0.6145348719544717,9.5866081014019e-06
EPG5,0.6143542507814779,3.850210540813262e-13
TFIP11-DT,0.6143164987631723,2.9661617351128276e-05
RILP,0.6141080290710543,1.9189567648378517e-07
SCLY,0.613757676978123,6.305198551908164e-07
SNHG12,0.6135774192861385,2.5083699218093417e-06
ATAT1,0.6126065083227443,1.4046823437692984e-08
RHPN1,0.6125149578889824,0.002929508440844
RASA4B,0.6124948067339842,0.011828494424745
EMC9,0.6124061405601782,0.0002053841889393
TBC1D31,0.6123813490916499,0.0007577883721712
MAPK8IP3,0.611741429495595,1.0651526856886473e-06
TMEM25,0.6116402054601746,0.0004633574660725
FASLG,0.6114461024265827,0.1284246872987552
UBXN10,0.6112239340954124,0.1280863302654689
TTC9C,0.6109200365844103,6.734991640310218e-06
NUFIP2,0.6109073078941458,4.7958219946507144e-05
MROH6,0.6108916587567719,0.0493872880161696
POGLUT2,0.6108592453966653,0.0005954987182479
CCDC163,0.6107306687889964,0.0017280305171146
SESN1,0.6104414711252684,8.380640868265218e-07
DEPP1,0.6097833507674747,6.537177662375617e-05
MPZ,0.6096889084217614,0.0017778677588696
EEF1A1P22,0.6095365252303093,0.001859528413263
ZNF16,0.6094849887104936,7.566370530926429e-05
TRAF3IP2,0.6092276741618852,0.0003301991936121
ANKRA2,0.6092202812692236,1.1087867950217812e-05
RPL8,0.6091984211450132,5.069255096381985e-06
ZNF740,0.6091712289702027,0.0001050966593545
RPL13AP25,0.6089045281709105,0.0024032557990155
EME1,0.6087270466811501,0.130677926252554
ZNF333,0.6084309399270964,6.415045650859606e-05
PCMTD1,0.6084210618188948,4.989881020262629e-06
AFDN,0.6078315127919511,0.0012658872816905
SUPT3H,0.607575212999448,1.904368611926225e-05
MOB1B,0.6075489147718676,0.0007943137561513
SLC1A1,0.6072509268416822,1.7875756184432708e-08
ACTR1B,0.6070902179838136,3.785218284841346e-09
GLIS2,0.6067790250322438,0.029758116659037
SMPD1,0.6066131241957002,2.0336520984983878e-10
TNFAIP1,0.6061931744291611,1.2166211483606684e-05
MFSD10,0.6059965644136627,6.896465328681449e-11
CCNB3,0.6057762026058203,0.00072827591009
ENSG00000272183,0.6052198440884227,6.638112500713808e-06
LGALS1,0.6049490610548709,0.0009162834037376
MPZL1,0.6047257516877753,0.0022379050961445
ANKRD33B,0.6046613071684224,0.0008199844328789
TMC3-AS1,0.6043650021474585,1.145118239883864e-06
SLC16A4,0.6039694425606059,1.2208645722541217e-05
NSUN7,0.6036807829348517,0.0039539456272055
TMEM225B,0.6036538740225853,1.658738385706613e-07
ARMCX3,0.6033182271911635,5.0321674335418485e-06
CDNF,0.6032567138743501,1.1037766247733951e-06
PCED1B,0.6031776442682037,5.53060889786101e-05
DLGAP3,0.6029895706000802,2.097067266815269e-07
CSAD,0.602429609991721,0.0247750656081678
RGS10,0.6019903858112121,2.0013592900027155e-06
PRSS53,0.6018627781461783,0.0001772906981876
RNU5A-1,0.6018445138892659,0.002873571360349
EEF1A1P9,0.6016468630640661,0.0029904826833326
RTL8C,0.6015720513548288,1.5309249051809748e-10
ODAD4,0.601538949804892,2.5315664195942714e-07
ENSG00000259939,0.6013194873170267,0.0011265167314987
SLC7A6OS,0.6011983679596513,5.7919842590015845e-05
ZSWIM3,0.60109947527177,1.028297872203911e-06
CLK3,0.6006897128312634,6.47881941825025e-06
RBM43,0.6005851828320194,0.0001376132515799
SLC11A2,0.6005085220460824,7.5110430137437e-06
AACS,0.6005005989440981,3.939530233764269e-06
CASK,0.6004747454087003,2.5322121778186684e-08
ENSG00000235245,0.5996195047018784,7.154031547342131e-05
PIPOX,0.5995918283626989,1.3558852842813744e-05
SH2D1A,0.5994940646650306,3.9457710680806307e-08
RSKR,0.5994833693275825,5.5759631562247906e-05
SLC39A5,0.5993852384677716,1.217079043434296e-05
ENSG00000267892,0.5990542195887589,1.0382291378389246e-05
LMBR1L,0.5989387691444685,0.0003623316913603
RDX,0.5987910767174567,7.025736298023017e-08
AQP9,0.5987459948203313,0.000120687915796
MDC1,0.5984189485095204,8.20894224098802e-10
LDLRAD4,0.5984040976492171,0.0128188900116439
CD7,0.5979507541741143,0.0115701156721546
TSC22D2,0.5979451735549466,1.1956227777152098e-06
CDH13,0.5976630410763566,0.0022275312312252
RLF,0.5976088780574091,0.0046621283836365
COLGALT2,0.5972877045147831,0.0302292554568469
SRGAP2B,0.5972745193865561,4.559456478154663e-06
SBF2,0.5971931728635307,0.0026501861228009
CCDC125,0.5970704677877801,2.10383268392076e-07
HILPDA,0.5970109118540561,0.0078657022208691
CREB3,0.5968175604851318,6.207712107701629e-06
MAN1A1,0.5966780029114043,1.982844026250813e-06
RPL13AP5,0.5966322609573402,0.0006455929642022
ZNF821,0.5965558260413464,0.0109865212668461
FAM118A,0.5956435598955592,0.1818851721826812
ENSG00000234936,0.5952071168254544,0.000111995244742
IGBP1,0.5951061376861757,0.0002284341217528
ARHGAP10,0.5947345236139654,9.789316950487963e-08
DALRD3,0.5945192058961677,8.680238844610754e-06
ZNF74,0.5942922648407776,7.29138158078774e-10
LINC02948,0.5942730849525479,2.979221260574867e-07
LINC02210,0.5941190958076716,0.0001162081726545
SGK1,0.5930329000218668,0.0072871288332153
SLC2A11,0.5929142282880209,0.0089679234487062
MTCO1P40,0.5925647261142062,0.0001690529254187
TRAV8-6,0.5924856265818801,3.436133749750716e-05
IGF1R,0.5923776405597381,0.0095597596506919
EEF1A1P5,0.5922947889202872,0.0003581201389612
ENSG00000239719,0.5922828140947214,3.584578683216855e-05
C12orf75,0.5921077567141912,0.0092873316404806
PLCB3,0.5920243560963838,1.2542217930933111e-09
SLC22A15,0.5919912403316339,0.0113071304149008
LNC-WAL,0.5919032976115273,4.933484563428178e-07
KANSL3,0.5918121433934544,6.290598968752991e-12
ENSG00000280135,0.5915190413114053,0.153277912791714
HOXB6,0.591382202501467,0.000144857561146
EIF2A,0.5909956266345455,2.260352516985695e-05
PDCD6P1,0.5908382342956155,4.76615534211992e-06
ENSG00000287737,0.5907908507147812,7.269844378236078e-05
ENSG00000224376,0.5907595754532186,4.776479456706142e-05
HISLA,0.5907251407046028,3.189003083842723e-08
DNAJC27-AS1,0.5904288425513291,5.453549381049622e-07
ENSG00000257489,0.5904120766750456,1.3631234993148869e-05
EEF1A1P4,0.5895861879147477,0.0008781130102685
C5orf63,0.5894015248775477,0.0035340570670365
ENSG00000251584,0.5892646241014711,6.754536246752152e-06
CD109,0.589223584664051,2.968369178177891e-06
PPP1R3B,0.5890629936708005,0.0002364502177659
ZNF425,0.5889540852593984,4.007048463748826e-05
RWDD2A,0.5887556781908465,0.0006558633385379
ETHE1,0.5886386178756258,1.054791607232179e-05
MTIF3,0.5881929963943255,0.0072724995790989
TESK2,0.588100255688206,4.952832761077069e-07
NUMBL,0.58771915682861,1.2619101604468133e-05
CHN1,0.5876411584004996,8.422484325218337e-05
ALDH3A2,0.5874583777252695,0.0007679337301536
LINC01765,0.5874122419552691,4.108487021032348e-09
CHD5,0.5873681513821875,5.550449515610645e-06
FBXO34,0.5868173250680586,1.2521456124535902e-08
ENSG00000241886,0.586660128557417,7.794688742037905e-08
TPRG1L,0.5866282021948841,3.1487626614909e-07
NR3C1,0.5865419422863125,1.1136810464036414e-09
MST1L,0.5864651413968192,0.0004672961052492
RPS24,0.5862151861868501,1.689023874883726e-06
DYRK4,0.5861203813613414,3.797528795295404e-07
NKPD1,0.5861190148202114,0.0030532034104529
MILR1,0.585517121532742,0.0997314124197994
GOLT1B,0.5852276361888755,0.0306989930578416
EEF1A1P38,0.5843847503092641,0.0046134385195161
RPL41,0.5839006549796828,3.8755697951431736e-06
ZNF620,0.5837143650895382,6.0984598749858635e-09
RPS25,0.5836694277925538,0.0001213950124762
MAGED1,0.583596773427419,2.1786113284047587e-06
ENSG00000258561,0.5835235890315884,6.79332400044518e-05
CLK4,0.5833740366640061,8.777511428273005e-05
PAN2,0.5833548641050896,0.0002533643671742
FRAT1,0.5829199354563257,0.0007540171645384
SGK2,0.5827674902226092,1.4722056336642651e-06
PABPC3,0.5827135396699317,0.0002854699728362
RPL37,0.5827026436325262,6.921531660243338e-05
FBXL20,0.5826750113462111,0.0001285356179599
KANTR,0.5823008750018586,1.5701030156630283e-05
CNIH1,0.5822953252003256,5.77632610049159e-10
BAZ2B,0.5820597572030977,0.0003227600043745
ZNF283,0.5817717291980016,0.0007983781137085
MCRIP2,0.5817146402885531,7.214968009284711e-05
VAT1,0.5815793295013725,0.0043617375471576
ENSG00000279145,0.5815590281125419,0.0003600912790923
PTGER1,0.5814507445258055,2.59019278321158e-05
DOC2GP,0.5813988598146389,8.723196518564802e-05
ZNF506,0.5806733197103977,0.0025371736126399
PPFIA3,0.5805484567014645,8.80604141057137e-05
EVC,0.5804345655388115,0.0112709880343058
NME3,0.5804046422194133,3.5702247244499564e-05
NR4A2,0.5800959243146249,0.1768437081264097
SNX14,0.5796705420075803,2.3879273621958506e-10
CCDC28A,0.5791059625790913,3.90216309488217e-10
GALE,0.5788986999655537,4.028633236990439e-05
LPIN2,0.5787770943458401,4.6738252357544345e-08
NAALADL1,0.5786716047903471,0.0285670972971286
KLHL21,0.5783978959008493,9.63283600104891e-07
TRBV7-9,0.5780694931668542,0.0066139487013338
MVP-DT,0.5778732974063754,7.555584716932557e-05
MTCO1P2,0.5769051780147469,0.0001138562541325
INPPL1,0.5768979900549196,2.489046514569207e-10
NR4A1,0.5764089000797266,0.1344157425303284
RPL9,0.5762859202555983,0.0001720303454658
CBFA2T2,0.5762145528176505,0.0003380718950129
PKP3,0.5758672851443425,8.704767270448919e-11
RPL29,0.575765626419873,1.975180675871505e-05
DZIP3,0.5753508118452517,1.0868124880906972e-11
MYG1-AS1,0.5750394217097432,1.8063478901082462e-05
ENSG00000248367,0.575012902959678,0.0009879752565389
ERGIC1,0.5749100603535382,3.514686055270736e-07
CSF1,0.5746618246522761,0.0117474867977826
AVPI1,0.5743801778378541,0.000486968269928
RELA-DT,0.5742818876180251,0.0011895020206912
ADAMTSL4,0.574073646819034,0.0010693165010156
ENSG00000227484,0.5739651531604459,5.398395600617559e-09
NRIP3,0.5736774607511324,0.1292137568575774
TMEM241,0.5735534625888525,1.376261747039606e-06
SRPK2,0.572811248557163,2.1766992418277565e-06
RAB31,0.572644081790958,5.330360800173581e-05
RGPD2,0.5724940835401102,5.823221597583061e-06
MYADM,0.572173672475321,0.0006589046514071
ZNF703,0.5720767829466891,9.313720393770981e-09
IDS,0.5720005106309465,3.600763813333526e-09
ENSG00000274272,0.5715718563406575,6.481099036712682e-06
GREB1,0.5713449536293611,0.0001214827614465
BNIPL,0.5712158302368313,0.0006947339738766
CELSR3,0.5712073728398086,0.0621079251923929
KIAA0513,0.5711013735400701,0.0225737026338447
ENSG00000261888,0.5709884116078426,1.0048486322016812e-05
VPS37B,0.5709786546531213,1.5275157467682223e-05
VAV3,0.5708796412221948,0.0228937250309535
TMSB4XP8,0.570357996603331,1.4329267909063528e-06
STC2,0.5701691331219584,0.033802849595495
SERPINB9P1,0.5698685629532627,0.0124450499193414
RPL12P4,0.5698568461138025,5.2406640585392456e-05
HERPUD2,0.5697759842645995,4.575376990720378e-06
CCDC159,0.5695455476840054,0.0121624145581618
TLR5,0.5693452622250694,0.1639782372866186
IDH1-AS1,0.5693315663722288,2.5649191439327195e-06
OAS1,0.5693141677169002,0.0094240584322511
ENSG00000272316,0.5692062052049924,0.0027159907777341
ZEB1,0.5691754149365416,0.0003613099157718
LRP4-AS1,0.5689920908201054,0.0001207663685593
C15orf39,0.5689720555786195,0.0001307028072744
MMAA,0.5689336282256985,0.0006330960940264
CD37,0.5687799671617482,0.0002421950171861
UGDH-AS1,0.5685554217281151,0.0045596974111392
KICS2,0.5682609422971021,0.0003222082877058
IDH1,0.567929959475717,3.069027048926609e-05
SEZ6L2,0.5679282589709131,0.0005079500440655
SEC24D,0.5678558040812423,5.160738344892734e-06
ENSG00000279227,0.5678167174148939,4.770690766901432e-05
FAM43A,0.567694336443981,0.0006163845767808
ENSG00000240036,0.5676606678977021,9.52433082060525e-06
SPAG8,0.5675950725173038,0.0018014014619349
RXRB,0.5672332240938367,3.1032134799434516e-06
TMEM86A,0.5671251984504382,0.0072322432965646
LINC03011,0.5669611125307723,1.7346706349188395e-05
CDC37L1-DT,0.5665660624509906,3.6254300064978213e-09
PHLDB1,0.5660846426880788,1.854331153311912e-07
SDSL,0.5658670008598524,0.0014935953734541
ENSG00000283041,0.5657670430915775,0.0003337218617866
ZNF160,0.565520319666521,1.7461628369002557e-05
HAPLN2,0.5653693905327979,5.600874768849075e-05
PTGR1,0.5653649815805754,0.000132042332911
EEF1A1P35,0.5653521031442788,0.0047578125703722
TRAV30,0.5653490634422988,2.728278817800136e-06
ENSG00000287825,0.5652554673913585,1.6180362627408846e-07
LIG4,0.5650641173312305,1.3142669302514468e-12
ENSG00000237550,0.5648654267573594,0.0012580938654982
DHCR7-DT,0.5647819112965244,0.0017478683585359
TRIM27,0.564645516440625,5.58945509458196e-09
PPIL4,0.5636733685991029,0.0001020508684446
IFI27,0.5634267101227195,3.173614885086271e-05
TKFC,0.5634206032557092,0.0069969523415191
TRAJ2,0.5627707313705177,4.446431113270269e-09
FIRRE,0.5626650114947862,0.0042386860691254
FOXD1,0.5619663299783151,1.8373794433759217e-05
TMEM186,0.5619331356649928,5.201574413556452e-06
RPLP0,0.5616930090737231,3.500682955972573e-05
THNSL2,0.5616924546245858,1.1852500435612704e-05
CUTA,0.5616867110549295,2.2675187730915457e-06
CYP2D7,0.5615665774533904,7.842702427381713e-05
FKBP9,0.5614759790122253,0.0026841925001241
ARID3C,0.5614502276638501,1.9764477612298312e-05
ATP6V1G2,0.5613410925641387,0.0009912775022441
ZBTB5,0.5611339599265763,3.1267935799890905e-06
ZFP30,0.5607113065658376,5.970480767357961e-07
ENSG00000286369,0.5606025924371657,0.0006019143004036
GDPGP1,0.5605171199099431,2.596837476426774e-06
ZNF691,0.5603852954339832,6.204910406484909e-05
CCDC174,0.5602042029928276,3.1108492726229973e-06
CRTAP,0.5601120777573163,0.0420308448431664
EML2,0.5600916547199457,1.0924251665321471e-06
FRS3,0.559907985538675,1.300707594238612e-06
TMEM245,0.559783128210011,4.3826069841439375e-11
ZNF581,0.5596257334652046,0.0010323276641418
CYSRT1,0.5596007978791184,2.3074232589600995e-09
PPIL3,0.5595125563642123,1.927801691433975e-08
TOP1MT,0.5589551707433418,0.0045283742458634
TCIRG1,0.5587441947447394,3.0287276248821415e-08
DOCK6,0.5586122846931748,0.0023897403980479
CAPN10-DT,0.5585537049909597,0.00036512568378
NFATC3,0.5583946077486095,9.443800859744464e-09
ZNF697,0.5582640636817358,2.3403260340935273e-06
ZBTB20-AS1,0.5582018371244853,3.696330332938185e-07
STRADB,0.5581279762835551,2.162073600799665e-07
PRKAB1,0.5580060149676811,0.0074471123423092
ZNF518A,0.5579878662626347,1.333422726954385e-07
HMGN3,0.5577467650488348,1.897215024177515e-05
RNF215,0.5577076776412726,2.609174022806763e-06
ITGAL,0.5574220672508332,3.4758696177092874e-08
COL20A1,0.5573561767391568,0.001199869702025
ZNF436,0.5571953741045306,2.312529295918677e-05
PI4K2A,0.557169229233506,1.387466725312699e-07
MAPK13,0.5570326913513339,0.027425424025466
INSIG2,0.556297238236537,1.2594658699534732e-08
ILRUN-AS1,0.5562611502721999,2.9960798792472664e-08
SESN2,0.5561613303504762,5.619558368703605e-05
ITGA4,0.5553250571896866,0.0377654530328219
UBE2V1,0.5552550412496151,8.046494826822237e-09
SMG1P7,0.554927735675439,0.0057532990934417
AGER,0.5547639921375165,0.0005046684157402
ACCS,0.5547366325224741,0.1723882900240661
WNT10B,0.5543047947846609,0.1576901284190386
ARAP2,0.5539419558370522,1.9774057294584293e-06
CIR1,0.5538776416574756,3.6254300064978213e-09
DNAAF9,0.5538044841991985,2.1191085748668793e-08
ZNF576,0.553765884689013,2.770013048200202e-07
LINC01819,0.5536731920212484,0.000618976604086
MEDAG,0.5536471054908759,0.0002749678722738
ENSG00000262227,0.5532932639123107,8.346139649551516e-06
SCRN2,0.5532427354261351,0.0004837286902994
CCNL2,0.5531739678304319,0.0001238689969402
ENSG00000257341,0.5528603987528232,0.005586431662993
CDC42EP1,0.5528498833340588,5.582341337279749e-06
ENSG00000259088,0.5527493923161901,1.6148468109788768e-07
CLCN6,0.5527059004636081,0.0004006371145207
SEC61A2,0.5523760658735841,1.1869166369606455e-05
ENSG00000283959,0.5522673499008752,8.842169351921939e-05
LINC01252,0.5514374082455086,0.0005340945209478
TUBE1,0.5512574733690387,8.104670195063839e-05
GPATCH2L,0.5506987924669211,1.3006499151500114e-06
HIVEP1,0.5505832696642976,7.611104845792913e-05
ENSG00000270589,0.5503841988034607,2.478120323096226e-08
RPS15A,0.5503130282596187,3.6369660189837027e-05
ENSG00000224745,0.5499505576955352,3.38555284181756e-05
CERS4,0.5497495534597574,0.0053731535437537
PDE2A,0.5497124152476214,0.0005167051407019
ENSG00000259436,0.5496963785613023,0.0034795420772003
RNF146,0.5496760280277035,6.107207060317792e-07
SGCE,0.5490431640536796,0.0001957688052344
RPL38,0.5488917590057438,7.693284520283815e-05
MAPRE2,0.5488003288763021,5.137965357358391e-13
ZNF731P,0.5487985049149113,9.522934652428044e-05
SCART1,0.548465535412002,0.0020334736564775
WNT2B,0.5484515341047175,7.253930307107626e-05
UGGT2,0.548348110431107,8.436636593078122e-10
NUCB2,0.5483093733425193,0.0040994303450904
ARL3,0.5482527466999914,0.0005272485554422
HSD11B1-AS1,0.5479514091869839,0.0206664689093618
RPL3P2,0.5478236127469178,0.0004685071002531
GTF3C2-AS2,0.5473373026100363,9.699204465455352e-05
QARS1,0.5471604429518981,2.4454901258275086e-06
TMEM139,0.5467540173988208,0.0002445620494933
ENSG00000225032,0.5465935701974454,0.001599466427887
KLRG1,0.5463946908416868,0.1866696109045273
CETN4P,0.5462937504184473,4.848852817371085e-07
MRPL17,0.5462675476029561,0.0018693869984209
PPP1R13L,0.546223125220433,0.0012527376740608
CBR4,0.5460671328214479,0.0001690551492415
LINC03124,0.5460325578655418,0.0943688287999883
TENT5A,0.5456528504088223,0.0026886425893714
YIF1B,0.5454838766951227,0.0023705634267868
ZNF277,0.5450966628991516,0.0003876371793439
HPSE,0.5450664322727379,0.0002539078896157
UNC119,0.5449853923527392,0.0006571660028721
ACKR2,0.544853494753583,0.0002080551709212
LGALS9,0.5448335328791734,0.030140481396769
CCDC183,0.5447612008646608,2.8379843468098907e-05
ZNF419,0.544512102517916,2.1088370963897127e-07
CTSL,0.5444116540723023,5.734743677883651e-06
NAPB,0.5440647218875103,5.8600375546200504e-06
FRG1BP,0.5439889455027767,0.0773423636238958
CTNND1,0.5436624129194587,1.0905765199040065e-08
ERLEC1,0.5436139737748071,9.949616167593526e-06
MAP3K7CL,0.5435328671279187,1.6605452380842283e-06
NUDT22,0.5431679698327256,4.455975182228515e-08
ENSG00000272482,0.5429675431378772,7.139699451986226e-06
SPG11,0.5428905560458501,1.9627054280586434e-07
NUDT6,0.5428825900942966,1.664493760538068e-07
UBE2R2,0.5428242478393699,4.328283606135647e-07
SESTD1,0.5426711063149154,0.0183720435505742
RPL13A,0.5423490471986252,0.0019126006118629
GID4,0.5423263518042472,2.091860621549396e-05
NAV2,0.54212485575836,2.1651352409096323e-05
TET3,0.5420400483761467,2.570777168361194e-05
RPLP2,0.5419375207497694,3.088977625454165e-05
ENSG00000285184,0.5415013428692702,4.05131418810749e-05
PRDM1,0.5414247895239335,1.345363248074869e-05
MT-ND1,0.5408964673164416,2.9472310064008678e-09
RNASEL,0.5408240672641362,4.722290661513255e-08
ZNF331,0.5406303273093829,0.0031622574385095
FGL2,0.5403229488960948,0.0099253866910119
ABCA7,0.5402087851397788,0.0046203428797927
POLR1D,0.5401618662301075,3.25577444690657e-08
PNPLA7,0.5398709280669571,0.058987968565393
TMEM258,0.5398698052981663,3.202454251330418e-05
NEK9,0.5398335392069624,7.094913323582984e-12
ENSG00000234389,0.5397497805124154,5.36753700867422e-05
NFE2L2,0.5392282182288701,0.0001685789426795
CXXC5,0.5391401389111823,0.0012847236729097
ENSG00000267283,0.5391245092097088,1.4932174533578552e-06
ENSG00000287789,0.538945516061828,0.0005359633955016
SINHCAF,0.538897258023713,4.292369057550971e-05
BLTP1,0.5388673910740636,1.1776279882439977e-05
LIAS,0.5385931764685323,2.558842955972921e-07
AP1G2-AS1,0.5380715660379218,0.0007816608231581
CEP290,0.5380006736092007,1.7875756184432708e-08
FBXL12,0.5376220241658647,1.1150349664966992e-10
ATOH8,0.5375001453357746,0.0003721876822796
SAPCD1-AS1,0.537263506486134,0.0005127628919499
ENSG00000261790,0.5372474714049745,2.860500523894655e-09
ENSG00000277969,0.5370842135336447,3.4385220320411346e-05
CCDC134,0.5368153785651764,7.633534102956408e-05
TRBJ2-6,0.5366307377553421,4.379349951182177e-06
CAMLG,0.5366160720928939,5.36753700867422e-05
KRT86,0.5364463891517728,0.0903024720901577
FAM229A,0.5363447563970198,0.0038768032737796
SDC4,0.5362879528662212,0.0040763693462447
MRFAP1,0.5362137578134956,4.405804562645501e-07
ZNF226,0.5360825524995421,0.0019694727730583
DGKE,0.5355760772463967,6.214428647731392e-05
BACH2,0.5355620869936555,0.0296747328565896
SNAPC2,0.5354227724310991,4.7118592982513064e-08
MXD4,0.5348484944049448,0.0023013880788898
SPAG5-AS1,0.5347712448029561,1.7043107395533733e-05
SDCCAG8,0.5346961826833305,0.0006344590525605
DHRS7,0.5346210557286213,5.63470806495788e-14
LINC01786,0.5344597925216835,2.508415626411958e-05
LINC01126,0.5342762360730552,1.7791416948774856e-05
IFT74,0.5335698761922036,5.465101909239828e-10
RGS16,0.533302944320071,0.0621401678862798
RNF113A,0.53325117179378,1.0473185589780012e-05
AARS1,0.5328643662835724,0.0792064637066271
TRBV7-2,0.532667527139628,0.0986102637657898
EIF4EBP1,0.5324100586973946,0.0391799022207672
SNAPC3,0.5319716295040955,2.5583581085641036e-06
LGI4,0.5318537023867258,0.0010180947298872
TNFRSF12A,0.531801613229443,0.0053593502923266
MAP3K5-AS2,0.5316941853069308,0.0043082533942387
WDR24,0.5315829844524576,0.0051093418867725
PHTF1,0.5313833089685369,2.889112809916093e-06
NFXL1,0.5306868124225272,4.353736302295521e-06
CHKA,0.5305743366324922,6.987325321429914e-05
EEF1A1P8,0.530487418923862,0.0029904826833326
TMEM42,0.5304661169113016,0.0017351744391178
ENSG00000272970,0.5303341903162843,0.0002900032479965
RAB9A,0.5302696414378709,4.3908523723604136e-08
NCF1,0.5302650995169451,7.17900017626129e-08
HES4,0.5299276015827998,0.0081379171484897
NIPAL2,0.5299262721348429,0.1095633931226137
APP,0.5298062140196613,0.0213168374983386
ENSG00000279700,0.5296229271257846,6.622061641833766e-05
ENSG00000264548,0.5295759489163177,7.444164381562935e-06
SKAP1,0.5295387304788104,1.1948415156723052e-06
NPRL2,0.5293466484574259,0.0058070638946827
CHST7,0.5291931501845095,2.119719710423252e-05
VPS8,0.5286035036083838,6.0897293342145066e-05
RPL13AP24,0.5285390612771899,0.0186486330185386
WSCD2,0.528270465257703,0.0001876411308773
PHLDA1,0.5282331202961785,0.0070245306899373
SCNN1A,0.52819682687323,0.0006501429809893
NFKB1-AS1,0.5281072556601828,1.5093799478054984e-05
CD44,0.5280054209052611,0.0001882120278202
UCP3,0.5278591495571465,0.0007619726365986
NRTN,0.527572126567713,0.0038827468217217
IMMP2L,0.5274574562190208,0.0002288323293137
LRRC37A2,0.5273783655841706,0.0305288889953418
DNAJC18,0.5273248509623572,7.077964021004567e-06
NFS1,0.5268452929053606,5.759890427477875e-09
PALM2AKAP2,0.5264356278720941,0.0084522800109287
PRKAR2A-AS1,0.5264339192688988,5.523466967454742e-06
ENSG00000259865,0.5263630518557156,0.0001970977373221
LINC01011,0.5262520906287586,0.0049453275219164
EEF1A1P1,0.5256721936656437,0.0202145159420972
MIR503HG,0.5255359138625293,0.0001170865814348
NIT1,0.5255006694727218,1.1754325497617932e-07
RPL7P9,0.5251986637503592,8.12698302395247e-05
DNAJC25,0.5251592750653504,0.0150679750861153
SEMA4D,0.5246230849002327,3.0508304302906222e-06
ZNF222,0.5246178390319187,3.35219317121949e-06
RMND1,0.5246051482770739,1.4198815892034467e-09
HNRNPCP2,0.5245487159523836,0.0002745898292702
ENSG00000280069,0.52454538691547,2.727513909209179e-06
CTDSP2,0.5243698700551587,3.842666661636847e-05
PRSS27,0.5243363626337223,4.1864995981288715e-08
EIF4BP7,0.5243215521781857,0.0001643550807994
CACNA2D4,0.5242722690355426,0.0246538207993137
ZSCAN16,0.524244119783321,0.0003430353880907
TRIM7-AS2,0.5241298411756615,1.774715371301669e-05
SMS,0.5240790834964093,6.397317481513794e-06
RPL3P4,0.5240371189883599,0.0002013856586628
CLMP,0.5236683187453733,0.0004619374125123
ERLIN2,0.5236436917713281,0.0001674811219688
ENSG00000272688,0.5234669845816342,0.0004544118353131
EIF4B,0.5234375513127407,0.0009417209454352
ABI2,0.523251822564534,4.097583027606159e-05
TLX2,0.5228549868990786,0.0272324924938948
EEF1A1,0.5227222700844703,0.0004427858231965
AURKC,0.5226334744192019,5.303523779911725e-06
SEPTIN3,0.5225627358481924,0.1040288360105277
KIF21A,0.5221902403182872,0.0002090651069341
LRRC8B,0.5219249377907982,1.2054047120777803e-05
THAP3,0.5218978189232062,0.000231783791452
PNMA8A,0.5217574496175466,0.0626861953331865
COMMD6,0.5214657285620774,5.372136893988206e-07
RPS14,0.5211558224755919,0.0009444417462953
ENOX1,0.5208515717287903,0.1458691964964403
RPS3,0.5208207264753746,2.9806084586804994e-05
ENSG00000251023,0.5207978947104056,1.1739546341968894e-05
FAM72B,0.5207665753876896,0.196567509055446
FAM227B,0.5207348891897283,0.0027479262708487
RPL3,0.5207271805616767,7.037308352735681e-05
ARFGAP1,0.5206738945548324,0.000273754127053
FBXW7,0.5201892312738217,5.313317835436351e-05
ACAD11,0.5201503448069695,0.0004434315589039
RUFY3,0.5197754259919751,4.162101321213317e-05
SH3BP5L,0.519714473786772,7.342751286020783e-10
ATP2B1-AS1,0.5193545843487302,0.0546438349259195
ENSG00000236935,0.5192482573477104,0.0001777805735324
NCK1-DT,0.5191348571123173,5.537110190284376e-05
SLC7A7,0.5190482070572326,1.1238306956408534e-07
OTUB2,0.5190349304220641,6.0640832307582794e-05
TRGC2,0.5186819188369007,0.0835462312222804
RGL2,0.5185406129637435,3.5513641399785653e-06
SP140L,0.518467745529871,6.491430087296183e-07
TRAV9-2,0.5183762124426416,0.0720534312625007
ENSG00000280355,0.5183529507834548,4.192979346007665e-05
ZNF431,0.5183445261407309,2.4958270745180153e-06
PRKCSH,0.5182636732309298,9.803720664834157e-09
ENSG00000255028,0.518200937649368,2.8029215658152332e-05
PIP4P1,0.5180788653317041,1.6642579403645475e-05
APOBEC3F,0.5177087925213382,0.0001390745645606
ACACA,0.5176519571681908,0.0018348173056869
RPL26,0.517182443816206,2.5709133667629713e-05
ANGEL1,0.5168596702084098,5.674856339648491e-05
ZNF92,0.5167245070888842,1.6537364990264044e-05
RPL24P4,0.5162719533586566,0.0005667330227642
DNMT3A,0.5160064817680787,5.058035482532928e-11
TRAV27,0.5159656506364683,0.0003116934842422
TMEM74B,0.5158539140146645,6.879831077805738e-07
EEF1A1P12,0.5158114084089411,0.0115457593307835
FCGR2A,0.5154931453631046,1.0918570760255374e-05
OXA1L,0.5153510592776032,7.771766761342119e-05
ARIH1,0.5152052188577567,0.0005864431361691
RASGRF2-AS1,0.515167410891809,0.0025817650781493
ENSG00000263655,0.5149037917064986,5.631721954320335e-05
SLC9A3-AS1,0.5146113452568297,0.0064215042358688
ARHGAP18,0.5140442843188877,0.0133312195792427
LINC00467,0.5140226167511266,8.576788963129564e-07
COPZ2,0.5133522786188576,0.0598747317338716
TNKS,0.5132438947078652,2.721232448148338e-06
STARD5,0.5130859333780107,0.011861186442988
CENPC,0.5126723873567158,4.237175420602612e-06
CLEC2D,0.5125473965406728,1.824619227408395e-07
LINC02604,0.5123892302866859,0.0021033348550985
FNIP1,0.5122210857944598,3.082862202737326e-05
IL18RAP,0.5117302439629294,0.1551908127284995
GALNT3,0.51169176495819,0.0224942546108456
CFAP58-DT,0.5116889081476632,2.0097519447688687e-06
FAM9B,0.5116569842951401,9.097953781382949e-08
TAGAP-AS1,0.5116333305657516,0.0005802697626647
SPARC,0.5114745694126277,0.0001897126104657
ANKRD10-IT1,0.5113599913923359,9.281329570410622e-07
C4A,0.51129153502483,0.0029988009506294
CECR2,0.5111513535147968,0.0006784827336847
ENSG00000262691,0.5111148789709868,2.0792868650211995e-05
ENSG00000283103,0.510853011827356,4.583720517102171e-06
HDAC9,0.510593618966427,1.8736109255185393e-08
TMPRSS11E,0.5104082881554401,0.0010824507504863
ITGA7,0.5104039772030438,0.0002331599526165
ALKBH6,0.5102773749703102,1.197225427441122e-06
TRIM73,0.5101292968528128,0.0155107736996082
ENSG00000248514,0.5100785083981407,6.625558521300378e-08
TMC4,0.5099264058500663,0.1957371646734982
GRIN2D,0.5098167866807711,1.9168249626642938e-07
BRWD3,0.509671372535121,9.209816412911408e-07
TNFRSF13C,0.509551107943059,0.0084175096102724
BAHCC1,0.5092627943454856,0.0002643104447957
GSEC,0.5089132999298072,6.399400937087927e-05
ENSG00000251867,0.5086752255841607,2.3998633115081672e-05
C11orf54,0.508671626341807,3.759071979293165e-12
GBP2,0.5086607010807391,1.5120360768733203e-11
TBC1D32,0.508489673842401,0.0002146505574387
ZNF284,0.5084892557463192,2.219753903676318e-06
MT-TF,0.5084683524095515,2.9372912035192674e-06
GADD45G,0.5084159352967501,0.0279133749552966
ABHD10,0.5083987013319389,0.0064019579788585
FADS3,0.5083466832646182,0.0004364920800874
OCEL1,0.5082991713940541,0.0001239232862644
SNORC,0.5082084700283234,3.09566803176479e-05
ZNF221,0.5081936810779724,6.220920252829984e-07
XPNPEP3,0.5080506923851327,0.0031393630396294
ACAD10,0.5077125112938221,8.9896407231848e-05
MBD5,0.5076747921122622,3.2102687450595497e-10
GSTK1,0.5074893155007931,0.0779212544943051
CCDC62,0.507486845804541,1.813484616305221e-05
RPS4X,0.5074659204781167,0.0039621161881235
VAMP1,0.5074390122515124,0.0004765313285586
MNT,0.5073220306762973,6.921531660243338e-05
LENG9,0.5072227415215114,0.0002432362142637
COX15,0.5066979504853935,4.1801112530756954e-08
ENSG00000287539,0.5064606635538003,4.2049416921622556e-10
MARCHF9,0.5062079267466579,0.0147008882862492
EEF2K,0.5061569561184696,1.071337669045152e-07
AKIP1,0.5059051335784126,2.523451707089797e-07
CARD19,0.5057478319454596,0.0072272486476582
SCARF2,0.5056426328742545,0.0022477499341436
TMEM243,0.5052756703122876,1.7333017848100072e-08
SDHAP3,0.5049999291907699,0.0018124485120826
MAPK8,0.5047998736957249,4.711924062489957e-06
ZMYM3,0.5046849471273651,4.648223343558066e-06
TSLP,0.5045550452955284,0.0001762917477855
ZBTB34,0.5045309002140907,3.043842085202557e-09
TRAV10,0.5043980436814675,1.5820476567973756e-06
JMJD7-PLA2G4B,0.5043543241087551,0.0058732563674256
SKIC2,0.5041421155817973,3.173614885086271e-05
HHLA2,0.5039501779882547,0.0014663425406222
PRKAB2,0.5039244180232547,7.90281989633749e-05
HEIH,0.5036923895654102,1.9822000080180014e-06
NPTN-IT1,0.503349392568987,1.3033080021273511e-05
SYNGR2,0.5033021279089178,0.0085562983658384
GRK5,0.5032193450323277,7.916556656261093e-05
AKAP1-DT,0.5029815476815542,0.0002545000067953
PIK3CB,0.5029522543306233,0.0006436773589198
TRAV2,0.5026148811558966,0.00142108918731
PEX2,0.5025590516503922,2.2280890415669846e-07
C20orf203,0.502511391967352,3.615147491601186e-06
RLIM,0.5024219475393341,0.0059753669343873
LIMS1,0.5022939925462433,6.523979418771293e-06
RPL14P1,0.5022817073022701,0.0008027019816084
NFE2L3,0.5022043835372711,7.021524065318993e-05
FAM72A,0.5020497779362443,0.0852117009306779
SLFN12,0.5019916305515824,0.000235114106645
LINC00954,0.5015672590191418,0.0685861280203056
LINC02947,0.5015086594409558,1.2458250041687392e-07
B3GALT4,0.5014097695868518,2.3930869572190885e-08
ATP5MC2,0.5010550768811495,7.007626525368128e-07
EIF2AK4,0.5010071402098415,0.0001075724370164
HDAC4-AS1,0.5009014353879994,5.091886646097758e-06
QNG1,0.5008758536357902,4.375316126366309e-05
FAM162A,0.5006452853816681,0.0032409798541422
ZNF862,0.5005052087020729,4.8760110251886634e-05
PDXK,0.5004943167335512,1.2504805233210442e-05
ANKS3,0.5002609398304654,1.86639261683077e-05
AKAP7,0.500176200042997,2.220652475042428e-07
DYRK1B,0.5001353991757682,0.0152668403976776
TOM1,0.5000343924235784,0.0002634483471981
