symbol,log2_fc,pval_adj
HYAL3,-0.5001831075229042,0.083119651109603
SLC20A2,-0.5004468503151713,9.793871228755412e-08
ATP13A2,-0.5006085055771567,7.800572426043731e-11
SELENOW,-0.5006955007319291,3.870813255568428e-07
MFSD14B,-0.5009323457219566,4.779222352124661e-10
MRPS17,-0.5009758924163417,1.0467826539220869e-05
MYO1F,-0.5010255565425723,0.0036434759088534
GRAMD1C,-0.5012219081816967,8.802837290990114e-05
PSKH1,-0.5012888652226994,0.0001441605482762
HGH1,-0.5013626124378598,7.600066819365937e-08
MEOX1,-0.5015519245707588,0.0042398911751784
HSPA8P8,-0.5015928518955914,7.509768435769149e-05
SNRPD3,-0.501635936899059,3.09004180949714e-05
FSD1,-0.5017167592911878,0.0244609070483082
PPRC1,-0.5019959178635851,2.4436479947398723e-05
SECTM1,-0.5020161918900921,0.0595303274427254
SCYL2P1,-0.5020344144933909,2.211521083207978e-05
TM9SF1,-0.5023395661988761,1.512360060568358e-07
PYGO2-AS1,-0.5023530366605218,0.0003389497637233
POLR2J3,-0.502422609409434,0.0030905228326306
IRF2BP1,-0.5025833940514861,1.747357312823775e-07
TUBBP2,-0.5028071563774833,7.237861689167059e-06
POP7,-0.5028080344657635,1.558783770455471e-07
ENSG00000261884,-0.5031004146873399,1.8222152624373057e-08
ZNF682,-0.5033250510492054,0.0026939091450511
SH3GL1,-0.5033893880272426,3.2007536202278656e-08
AKT1,-0.5034198864439317,6.022021611665997e-09
NDUFA6,-0.5035934782498366,9.838343326007654e-07
ALG5,-0.5036716524703477,1.8473286693822275e-11
KHSRP,-0.5037589948880283,1.8222152624373057e-08
POR,-0.5039082139213003,0.0102490208040221
NOTCH2NLC,-0.5039793363915348,0.0003426984368389
RALB,-0.5040587906686316,3.5172108271967873e-06
SRD5A3,-0.5041680285155752,0.0154362243542402
ARSA,-0.5042230267436416,0.0352682845369684
TMEM50A,-0.5042312297511637,1.7496724210085202e-10
ATG10,-0.5044052381236219,0.0081854968394291
GALNT1,-0.5045526241252141,0.035984613529463
ZNF726,-0.5048772500142622,3.7985118762967915e-05
XBP1,-0.5051110596945589,0.000155828423027
CDCA2,-0.5052405425993731,0.0618940743735047
ABCC5,-0.5053664805346898,0.0467078710728218
CYB561D1,-0.5054860459024288,0.0009543223116951
LINC01547,-0.5056930058772975,0.0677954823096772
DPCD,-0.5057735656120952,0.0002302122721067
OTUD7A,-0.5058891252981248,0.1232809291422295
PIGC,-0.5062918108292056,7.983484131916549e-06
ORC1,-0.5065213591779347,0.1414412914118516
RNF220,-0.5069799413247473,2.047430473568569e-07
MOB4,-0.5071434229382832,2.5785666766113705e-12
SCAMP1-AS1,-0.507192016448816,0.0006103731082565
GET3,-0.5072555629279609,4.055101844846992e-07
HIPK3,-0.5073274793617593,9.793871228755412e-08
NAXE,-0.5077268831159047,6.344609058401762e-10
ENSG00000286931,-0.5077620304178381,5.676728837273995e-06
RAD51D,-0.5082863164836375,3.558573997670754e-05
CUL4A,-0.5083409526993332,1.1164473107566734e-10
TIMM23B,-0.5083672260436041,1.1276160555462186e-06
TMEM97,-0.5086484130697002,0.0625843762393853
HHAT,-0.5086726247729528,0.0241855751884864
C1orf159,-0.5087422239404864,2.431252922129233e-08
PATZ1,-0.5087831583198872,0.0044772645597388
ADCK1,-0.5087905997507485,0.0016562880251311
LAMP3,-0.5089500341569406,0.0016849080050828
SELENOK,-0.5089833393979486,5.954772311289957e-10
FOXN3-AS1,-0.5090280338890886,0.0002611144914764
NMRK1,-0.5090466994831546,0.001163024588822
CCDC97,-0.5090991422426621,0.0222598256237527
MRPL11,-0.5093062765338647,6.616722682979464e-11
IPO5P1,-0.5094016631158329,0.0074485356459359
RHOBTB2,-0.5094578425947054,0.016094938012109
DNAJB6,-0.5095515534604047,2.9739283328343093e-07
ARHGEF18,-0.5095922892788805,0.0066502309868574
ZFP62,-0.5098426794006148,0.016794181828306
CHCHD4,-0.5099572876783594,1.1195093216603372e-06
INPP4A,-0.5100663188562242,2.0703680519152183e-08
RBMX,-0.5102722622983267,4.104950603196798e-11
ENSG00000287839,-0.5104725502434868,1.6406901234361564e-06
MRPL15,-0.5105887449434228,5.276148793121278e-12
CDK2AP1,-0.5106023178390782,0.0011853545270443
GPR155,-0.5108980469648108,0.0079474851938516
ASH2L,-0.5111023428249712,1.0767474292487848e-15
FUBP1,-0.511274269517461,4.516636153230578e-15
ASAP3,-0.5112943413253674,0.0019183685170808
PFDN1,-0.511439947556739,3.9615406267003983e-14
SMC6,-0.5114595314204111,3.3175776638989765e-10
NTAN1,-0.5115361924104835,3.7234835148348246e-05
UBQLN2,-0.5120098565596161,7.421862853780366e-07
SUMF1,-0.5120799009374593,0.0358757970410926
EFR3A,-0.5120972960499133,3.0699997973060574e-06
HSPA8P1,-0.5121357164285962,7.805864265732542e-06
NQO1,-0.5121737341191466,0.00565616286488
RPS6KA5,-0.5122304064537664,1.8126980971320917e-05
G3BP1,-0.5122615050333428,1.9468511256823115e-16
GRPEL1,-0.5122876677064454,6.67946205880637e-07
UBXN2B,-0.5123606597173893,6.426169878388068e-05
H2AC20,-0.5125288801070984,0.0001981133533974
DTD2,-0.5126928468941125,0.0008132059780206
AMMECR1,-0.5127722887421866,5.6465345409718455e-05
ENSG00000260306,-0.5129829987124016,0.0019853660351197
ENSG00000286136,-0.5130713808648829,1.864686537100752e-05
IDH3A,-0.5131757191202677,2.8254336406176137e-05
IKZF1,-0.5131973217540278,9.128456673198576e-05
PSMD6,-0.513246889115262,2.3239498431390408e-17
MIR155HG,-0.5133498143157138,0.0006309440807333
TOR1A,-0.5135204838902547,1.2750683513479155e-06
SEPTIN4,-0.5135749585699929,7.0020896890161474e-06
DNAJB11,-0.5136229256927649,5.449513124054383e-06
MDFIC,-0.5136781187695583,0.0001293051368102
INTS15,-0.5138591864936464,2.4077859203778834e-12
SHQ1,-0.5139031980266662,1.2142250614332291e-09
HNRNPK,-0.5139089648578583,5.866675411460249e-09
RMI1,-0.5142769792549462,2.166353973054796e-06
TMEM192,-0.5143858617050507,0.000120687915796
CAMSAP3,-0.5147533663612316,0.0002054738605597
OAS3,-0.5150271996826552,0.0017529091346863
DYRK1A,-0.5150840028958958,1.084316967657374e-11
MIR4292,-0.5151494085956395,3.9565943082238e-06
RACGAP1,-0.5154803818010656,0.0223035794294037
GTF2H3,-0.5155282066458815,1.9965497036251375e-10
TADA2A,-0.515899464979209,1.559484644938143e-09
CLPTM1,-0.5160053269428779,2.743223981872938e-15
ENSG00000279699,-0.516012697372541,0.000741073849995
NUP160,-0.5168985253842342,6.1761887098679e-08
XPA,-0.5169426560253365,0.0001144536688546
EVI5L,-0.5173449121755875,0.0001065856861256
CD9,-0.5173634986973559,0.1026039564275218
MARK2,-0.5174110337257334,4.823521636131751e-07
GGH,-0.5176188240531765,0.0564516947610539
PCBD2,-0.5176629219981539,0.0003179044151411
ENSG00000268858,-0.517690591199266,0.0002033740891818
VPS35,-0.5177436854649109,8.523253846811998e-16
DTWD2,-0.5179014021267314,0.0007694085148449
EIF3B,-0.518051226034812,1.577904611649181e-14
ZBTB11-AS1,-0.5180733561505406,0.008654608164244
TP53INP2,-0.5186434009510372,0.0055395679312894
RBX1,-0.5186439869181978,3.73498108490949e-13
PCAT1,-0.5188031553954469,0.0003362645018473
FANCA,-0.5188442726542242,0.0102509804336972
NBEA,-0.518929257634312,0.0047273961894135
CD6,-0.5189992128793683,0.0008353554485997
KLHL11,-0.5190561537767793,2.842619170662354e-05
ARPC5L,-0.5191322029077181,2.1786113284047587e-06
FNBP1P1,-0.5192803019444907,0.0004392283585124
MRPL23,-0.519315333167806,0.0041805429858272
PDHB,-0.5196239014705952,7.635015924914447e-13
ABT1,-0.5197754308176217,7.800572426043731e-11
HEXD,-0.5198008837961199,0.0272965838699638
FBXL3,-0.5198612808182705,8.685425059360989e-06
ERCC8,-0.5198749602090804,2.164051344536298e-05
ENSG00000259071,-0.519987957141404,0.0006906564009284
SSX2IP,-0.5200206920247328,4.95000919029727e-07
PRXL2C,-0.5200953026508652,0.0001579478109606
PPP1R8,-0.5202766807657433,1.157180304594591e-08
LDLRAD3,-0.5203009617075329,9.300068923963776e-05
SOAT1,-0.5206377842285486,0.0001058879430565
CHRNA10,-0.5207925571620678,1.6311741142964144e-06
ATP6V1H,-0.5208591755085736,2.5785666766113705e-12
USP16,-0.5211155678183275,3.372074850183452e-06
PIMREG,-0.5212512681710393,0.0136425843540274
MACROH2A1,-0.5214188132476334,8.916585944486314e-08
CTNNAL1,-0.5215764738914084,0.1980265747108462
ENSG00000277879,-0.5224290701736531,5.713302179382126e-08
INCENP,-0.5224489536505352,0.0060229460642637
CDH2,-0.5229063249267579,0.0090432086547803
CTCF,-0.5234969263919496,5.0881412329556525e-09
WASHC2C,-0.5240623500634243,0.0021243239033622
B3GALT2,-0.5241380089792494,0.0645790511824948
ANKRD44,-0.5248363893370112,7.750385280585703e-07
MPRIP,-0.5248392310751475,8.565981778183138e-08
LINC03015,-0.5248812651596143,0.0002861755822743
CYLD-AS1,-0.5249723525541186,0.0001286641477711
SPECC1L,-0.525066164385767,2.8010369394877465e-08
NARF-AS2,-0.5250818942375013,0.0043674454199789
FABP5,-0.5251866623903667,0.0058167894434932
GEMIN4,-0.525274556586095,3.50864156534838e-09
SAMD1,-0.5254377957442111,0.0002745898292702
HOXB7,-0.5254847391365363,4.353157024855638e-06
TAF2,-0.5256374432588533,2.1752094829826568e-10
SBNO2,-0.5258005000006136,1.0594904843947939e-10
DOCK9-DT,-0.5259729923841421,0.0001124350653331
NT5DC3,-0.5264852555243751,8.706273838443775e-05
RAB11FIP1,-0.5266017439307653,1.0409338011639604e-05
CD247,-0.5267029416386118,0.0002110365172856
SLC16A1-AS1,-0.5269428067951827,0.0014923676442808
DHFR2,-0.5269818570706422,0.0079026036378939
MRPS25,-0.5269998167055787,2.183132146232201e-09
C19orf25,-0.5272763860827752,4.543980623052774e-10
RASGRP1,-0.5272807502158052,1.0862495127128979e-07
HSPA8P7,-0.5275008142256373,3.102744000400958e-07
SSNA1,-0.5276603225410783,8.250474249296989e-15
TXN,-0.5277364420969084,1.1541374093757574e-05
DDX52,-0.527787505357308,1.4145343040060597e-07
DNAJC7,-0.5278974977134423,3.4030454656614945e-06
MAML3,-0.5279126902441043,0.115367569720098
WWP2,-0.5279243638740603,8.667819304559794e-06
ZFP64,-0.5279471537301594,4.6835731206875175e-15
ALKBH8,-0.5279557191655124,1.2570974443007432e-08
PSMC5,-0.5285751578930062,1.0634667715247353e-10
PDE6D,-0.528657346340009,8.881739754001117e-10
ZNF562,-0.52871396511541,2.1973985430180252e-12
TRAV38-1,-0.5287241210570846,0.032799940200224
SIN3A,-0.5287481651782864,7.948659949456806e-08
TTLL12,-0.528758362766804,1.0080747983026564e-05
CEP128,-0.5288749886080191,0.0020182968846883
ERCC6L2-AS1,-0.5291244214293762,0.0420551359609144
DHX15,-0.5293392236518377,1.851979605203722e-07
LRRCC1,-0.5293836783238106,0.009954830795667
MBNL1,-0.5297103588240475,5.548667514052854e-10
ECE1,-0.5299525049236742,4.055101844846992e-07
ZHX1,-0.5301083157146493,9.348789378089515e-11
GSTCD,-0.530460020780962,0.0004864643925946
GLMP,-0.5310577740706055,0.0155591101400328
C1D,-0.5311987474299338,2.804455206199816e-10
DEGS1,-0.5313221741879914,1.0806174460754331e-05
CAD,-0.5313332703746054,1.4410448462667568e-05
VAC14,-0.5313620244613855,3.322592858232807e-10
LAMP1,-0.5316620024103962,2.200609671514592e-05
MYORG,-0.531819562363586,0.0074929453327442
ADORA2B,-0.5319663748004687,0.0053137303797733
THEMIS2,-0.532081831032829,0.00602645613697
GSN,-0.5324645428741102,0.0001105384521827
EIF2B3,-0.5325211677330057,0.001070296290275
TRAF3IP2-AS1,-0.5327031759080174,4.244490412651001e-08
LINC01128,-0.5332396678387563,1.4362948869640618e-07
CRNDE,-0.5332628719907104,2.20602464973035e-05
ENSG00000276529,-0.5333571106074705,3.525952386723517e-06
RIBC1,-0.5335201698592931,8.103748797696517e-06
ENSG00000279342,-0.5338190544687033,2.234108305312364e-06
PTGES2,-0.5340069801145857,6.805801875491037e-06
MIR34AHG,-0.5340620997213072,0.0038231912435704
CALM2,-0.5341206730780561,1.4739675084093301e-09
ATAD3B,-0.534263656687668,1.4612215237582195e-10
PLK1,-0.5343532685983856,0.0330195703842907
AP4E1,-0.5344258263579285,6.87475010248163e-07
ENSG00000228434,-0.5345833915861605,8.788012987349275e-07
DBI,-0.5347727819204326,1.7197159462320926e-06
CIAPIN1,-0.5348548699361633,3.192768794791654e-13
TRMT10A,-0.5348716472871193,7.769832197443554e-08
DLGAP5,-0.5348998243087166,0.0580590560247129
BCR,-0.5352622025929001,0.0004393112218966
GPR84,-0.5353814260223515,0.0116156324375216
HNRNPA3P5,-0.5354887072422033,7.045701883374122e-06
MBP,-0.5354982626017044,0.001170001500361
SH3BGRL3,-0.5355388010310822,2.319625602087255e-05
POC1A,-0.5355986965911059,0.0335411277023738
ACTR10,-0.5359246847551384,5.110829634389564e-09
ENSG00000279148,-0.5359674444668867,1.7678356536719835e-06
SH3BP1,-0.536054120751662,0.0016555584239932
ABR,-0.5361000936440137,1.9898552421207446e-05
PTPA,-0.5362251845280781,8.510852113572506e-12
GMEB1,-0.5366821374251085,3.3781768762138183e-06
SHLD2,-0.5367452926041416,2.670563789024614e-06
REX1BD,-0.5367618240460716,0.0021712681543555
TANGO6,-0.536789284922893,1.2539729288150421e-08
TWF1,-0.5368089433794845,1.4784471321419094e-08
N4BP3,-0.5368348468664963,0.0422690213439712
MTHFD2L,-0.5368945152250664,1.8840899476367953e-05
ATF3,-0.5369864250486547,0.1027997795433302
ADNP-AS1,-0.5369913764308278,0.000104181330521
ROGDI,-0.5372906577923271,0.0001191802838527
RGL1,-0.5373221934333685,0.1356898533217458
GIMAP1,-0.5375987257685493,0.0371137658293372
EFTUD2,-0.5376066710486196,6.018145386714182e-09
DGAT1,-0.5376247992224856,1.4771257332871597e-06
NAA15,-0.5376904218381728,2.664096050167462e-07
EEFSEC,-0.5378679716509294,5.592371034982317e-09
MYL9,-0.5378958916271313,0.0083979477324814
UMPS,-0.5380084276818007,8.186388077531687e-11
ENSG00000214783,-0.5380123190341399,0.0029245974071437
PPP2CA,-0.5380439005219495,1.4032767961986898e-08
PLOD1,-0.5380747674991548,0.0001244472460357
STXBP5,-0.5383301611149092,0.0124119577296027
POTEF,-0.5383728847014775,1.4043828723062541e-08
PDCD10,-0.5384769282253856,1.8473286693822275e-11
ATXN1L,-0.5387282904504094,3.075800453888623e-10
ENSG00000277559,-0.5389120561301036,0.1486066235479668
KBTBD8,-0.5392154480108813,7.394637218083464e-07
COX16,-0.539672229356784,6.1017864103669755e-06
MED16,-0.5397289000145138,2.0840840634724813e-07
VAV1,-0.5398473116270939,2.3374328124645558e-07
KAT14,-0.5399987255227621,2.82123522373268e-05
DOCK10,-0.5400589604585964,7.077964021004567e-06
IER3IP1,-0.5400686378466588,3.242384693789166e-09
CCDC34,-0.5402492734121291,0.0371117200519475
ENSG00000229368,-0.5406577007598312,3.3641385354568194e-08
BNIP3,-0.5407799327798939,0.0197908438495247
EFCAB8,-0.5407815879762337,0.001199869702025
DENND5A,-0.5408100084651952,0.0693384371772143
EPHB6,-0.541021065079133,0.0307954866890331
SCAMP2,-0.5413051234954196,8.731013161167305e-16
IDE,-0.5414864218874991,1.9261672442033176e-06
NQO2,-0.5417291673100673,0.0182625925076961
CXCR4,-0.5418306021370753,0.0049926810613726
ACTG1,-0.5420721901848395,5.6784783770953755e-05
LCOR,-0.5423352466209055,2.220652475042428e-07
YBX1P10,-0.542372320274491,3.1332310800882614e-08
HIGD1A,-0.542540281255004,2.601116866138062e-07
SMARCA4,-0.5425640593492087,9.728977711016728e-17
GP6-AS1,-0.5426025408063684,4.4608550637907806e-05
ARHGAP33,-0.5426798219110935,1.8468753072656748e-06
CCL3-AS1,-0.5429060831699579,0.1589231284007272
LARS2,-0.543125491716931,1.185904039043332e-08
LLGL1,-0.5431663035243295,2.3724714122974487e-08
PIGQ,-0.5432540056891941,9.621526257080163e-06
AP3M2,-0.5433337199156716,0.0172635947370996
ALOX15P1,-0.5436582265925675,0.0439887134702064
MBLAC1,-0.5437301874051685,6.1883093994260995e-06
TLE5,-0.5438127898951368,2.346689557464694e-07
NRAV,-0.5438277779846081,0.0186224601134298
NOL11,-0.543913622582787,9.440868148042086e-16
VPS16,-0.5439575262143848,0.0001427141153544
DGKG,-0.5442355137379578,0.0039323841624115
POLR2J4,-0.5443472120803017,2.309471366473198e-09
MRPS35,-0.5444858349319874,2.1400340822943296e-16
SMARCA2,-0.5445293941195883,1.066843089710469e-05
PEA15,-0.5447307054867938,6.704300301529934e-07
TALDO1,-0.5447410989719268,9.859915571180154e-10
RBMXL1,-0.544745119643383,3.909326234997167e-14
RIBC2,-0.5450866736554607,0.0101651313235143
NOM1,-0.5452442822796542,2.1128054993432533e-07
MAP2K4,-0.5452750330329783,1.1967202607685038e-08
KLHL15,-0.5453422143272011,0.0009293979612577
NOC2L,-0.5454202497256118,2.3040539859667275e-10
CISD2,-0.5455166696321125,0.0033419275708753
RALGPS1,-0.5455634125708633,9.782781881964076e-05
CCDC150,-0.5457807709209153,0.0059043787302974
SPATA33,-0.5458199090168141,2.344073424811951e-09
ZNRF1,-0.5458343630597948,0.0021143528582261
GTF2A2,-0.5459606769154144,8.493604038023275e-09
FCRLB,-0.5461651334052754,5.375402804073357e-06
NDN,-0.5462635782451302,0.0727773792607175
THADA,-0.5464032123217031,1.3560956918831309e-07
EIF5AL1,-0.5464763011524797,0.0004690706601646
MCM9,-0.5465122653866894,7.180853833360631e-06
LINC00921,-0.5465135111448229,0.0123103840510408
SELENOO-AS1,-0.5469567730499173,0.0003923329062694
LINC01775,-0.5471390400877596,7.31789035660797e-06
ZNF512B,-0.5472876552773256,0.0029909040946026
PDIA4,-0.5475529596337463,1.2682154442412558e-05
XRCC5,-0.5480121289472084,1.6118343646757743e-11
ENSG00000269680,-0.5480883732229949,0.0001233409981245
ARL15,-0.5481817791808652,7.17434265884463e-05
ENSG00000279207,-0.548238331605619,2.956689717765434e-07
DNAJC8,-0.5483083997351308,1.1364069945825797e-11
SLC2A6,-0.5484657318880968,0.1893732355979148
TPX2,-0.548563682006292,0.0213530668779152
ASB6,-0.548581887784735,3.6949888232894574e-13
ENSG00000229212,-0.548619655381004,0.0013676802808338
FBXL17,-0.548845446907384,0.0394175852001058
HLA-B,-0.5488898399722544,6.936713033730678e-06
RENBP,-0.5491012803167079,0.0799120605201436
GIT1,-0.5491167937030896,2.6264186360555525e-08
CDC5L,-0.5491631916609983,3.729072274726033e-12
NRAS,-0.5492068926714273,1.363631331638512e-06
YWHAH-AS1,-0.5492721915734178,7.64249857330466e-05
TTC5,-0.5494045796981766,3.6693889039426775e-08
ASPM,-0.5496577598235985,0.0192148010635383
BANF1,-0.5498884043494225,0.0001433411854637
SLTM,-0.5499915478808548,1.374221472456088e-06
CACNA1H,-0.5500816595690982,0.000673487310329
ENSG00000259891,-0.5506619923194206,1.3714257675160282e-07
SPEN,-0.5507880488544359,2.8027272648998e-07
ENSG00000272667,-0.5511127129338153,0.0002865402238402
SLC39A8,-0.5513564891387022,0.0001198568593463
BBOF1,-0.5514349682513078,0.00013518219695
KIF18B,-0.552076826799019,0.0160055365352212
PTOV1-AS2,-0.5521725436371643,0.0034243851199626
MED15,-0.5524376205278871,5.8600375546200504e-06
PITRM1-AS1,-0.5524925891364705,5.8938063733195185e-05
HNRNPH2,-0.5525132735417051,4.8130806292350113e-08
ENSG00000275632,-0.5527555567135354,3.2417362055214076e-08
FIGNL1,-0.5530755152484046,0.0136426701820869
METTL1,-0.5531743702100089,0.0030225073548268
CCT7,-0.5533227016894102,3.553351728560425e-08
PRNP,-0.5536998598459597,1.2424624700794634e-07
KIF27,-0.5537310478061759,8.077040736957049e-07
ENSG00000279799,-0.5539973848475895,2.5301907715827257e-05
SLC66A2,-0.5541587710468008,1.6311741142964144e-06
SLC9A9,-0.5542066744190026,0.0021046572722849
UPK3B,-0.5542183347509557,4.109840496770995e-05
SETD1A,-0.5542300265588649,6.696510767230241e-12
BIN3,-0.554828336901668,0.001116752146163
ZNF575,-0.5548706895992668,0.0013158660764751
EML6,-0.5549921856674844,0.0011769277767184
HNRNPA3P6,-0.5551461365862659,2.6783521014037653e-07
SNX8,-0.5552328998506884,1.292421707630971e-06
PSMD9,-0.5553548364633349,1.0237701338763624e-08
KCNC4,-0.5555612295343262,5.770720551531101e-05
IGHV1-3,-0.555601809724317,0.0129168162580901
ACVR2A,-0.5556239526784386,0.1164181296938415
TERF1,-0.5556621701304927,1.7237135842326311e-09
BICD1,-0.5560723684277673,1.5856687241762057e-07
RPF2,-0.5563078193074005,3.573754716810025e-07
TBC1D14,-0.5564068017050099,1.4523250268378655e-06
ENSG00000270574,-0.5565322112365902,6.122464402874848e-05
PRKCE,-0.556633732588435,1.9048587014040006e-07
URB1,-0.5567815855080154,1.7871481004537194e-05
ZNF124,-0.5569882370999106,2.564458824273156e-05
INMT,-0.5572649214499491,0.014295697837472
POLR1C,-0.5575332440383325,5.618467225245242e-10
AP2A2,-0.5575934612321554,0.0018832607676253
LGMN,-0.5576529025422362,0.0115948243425495
SLC36A4,-0.5578751972819056,3.248636056920367e-07
UBB,-0.5579147485645031,4.988141343007844e-08
MYO9A,-0.5584445227375054,2.2649979151990994e-07
HNRNPD-DT,-0.5585416065958152,0.0002636614750327
R3HDM4,-0.5586456324922029,1.600256257103393e-07
AUNIP,-0.5586914299379251,0.0119887153147805
PTMA,-0.558704188433623,2.8216939641771493e-13
ERVK3-1,-0.558752197255,0.0010524349269007
CENPA,-0.5588285720739563,0.018717416078264
TWF2,-0.5589091293519752,2.7249945818644643e-08
MRTFA,-0.5589416252213226,3.512792965672375e-07
EXOSC6,-0.5589576496652917,5.5203878621493665e-11
AKAP8,-0.5591239835712623,6.686990079421265e-07
CCNT2-AS1,-0.5596011158216151,8.618308626738867e-05
MEA1,-0.559662196762468,4.9959675351055734e-08
LCMT2,-0.5596943009451221,3.705464359698064e-05
TTPAL,-0.5598504908327575,0.0039308331250588
TMTC1,-0.5599687637070743,0.0641386739049776
LINC01145,-0.5603956963846248,0.0522054146877797
SAMD9,-0.5604033735231209,0.0588639308276078
RUSC1,-0.5605335541622871,3.1624571286985325e-14
LTBP1,-0.5607971043049975,1.251896792168211e-07
ZFP3,-0.5609228888851716,0.0196161577166439
RFLNB,-0.5609278583209925,0.0003087523399705
FRMPD3,-0.560952305930993,0.0189075732788327
DENND10,-0.5609932343659105,2.8608719466647405e-06
MOAP1,-0.5610864200690742,0.0087369954292313
TMEM131,-0.5611873413364084,3.5161153074173485e-10
HSP90AB1,-0.5613771604160291,9.385820816165588e-05
UNG,-0.5615401774712527,5.3918117403376074e-06
CBX2,-0.5617603805253488,0.0141246898207276
PRMT5,-0.5620199505507468,9.908075349821651e-07
RFC5,-0.5620982527664315,0.0076686521258074
INO80E,-0.5622015784652543,5.6211144309168785e-08
NAP1L2,-0.5623179580516986,0.0022793101220487
AP3B1,-0.5625614663226468,1.7123957903951648e-10
HPF1,-0.5626665860753857,8.720565310025933e-09
LRRK1,-0.5627934907381131,2.685118744837645e-09
HDAC2,-0.5630007094757525,5.067692647767308e-15
ENSG00000130723,-0.5630243374820854,6.337795078585171e-06
MRPL12,-0.5630576407363168,1.9982246673084085e-06
SLC35A4,-0.5630627368296022,2.893642469787398e-14
RABGGTA,-0.5630979831635035,1.867128185611327e-09
SLC38A10,-0.5638571764346523,0.0096984669970043
ENSG00000279432,-0.5639503984444387,3.874259211107417e-12
KCNA3,-0.5641712847305227,0.0003349052157228
SLC35B1,-0.5643797765236966,4.088580005817551e-11
ECHDC1,-0.5645997068313511,1.506313809571017e-09
MED22,-0.5646785020818941,0.0022565923846024
IRS2,-0.5648738309447232,0.0146397934418735
ENSG00000267787,-0.5650221685874486,5.677825059432436e-06
MED27,-0.5653824605667799,4.0400295207740094e-08
HACD2,-0.5656014373912299,6.918016592848461e-15
SPIN1,-0.565725931751464,0.0016530911915941
PRDM5,-0.5658486732475383,0.0001259848072753
LDAH,-0.5658829827412699,0.0008869831133544
DRG1,-0.5659887493594598,3.121973237217168e-09
NOC3L,-0.5660662480068241,4.3008971217175356e-10
ACAT2,-0.5666144725552593,0.0020491430938756
PLCH1,-0.5666350070106987,0.0310321259349574
ABHD13,-0.5669624183588029,7.137027470884858e-06
RALGAPA1,-0.5669830874350268,2.4510121708453283e-10
ENSG00000284747,-0.567227214325618,3.749165775628173e-07
CRTC1,-0.5676466433216536,0.0003485938863867
SMAD1,-0.5685394877258433,0.0018805253887997
UBE2D4,-0.5687119845113724,2.3018156836476155e-08
PAK1,-0.5687708553662407,0.001707493676329
MAPK1IP1L,-0.5688798628153693,4.2500022075002485e-15
RPL39L,-0.5689195584732998,0.0123652173143242
PSMD3,-0.5691584204068088,3.4046466648944104e-08
CYTH1,-0.5693148357326212,0.0001319650322587
TMEM150B,-0.569473353081418,0.0001077096700454
PSMC3IP,-0.5695068998740682,0.0438442944344311
VAMP1-AS1,-0.5695204546254391,5.5607443216223134e-05
LINC00641,-0.5702475144247954,8.710214842877373e-05
GIMAP2,-0.5702832639452602,0.0639550715498338
ENSG00000271936,-0.5704502503521858,0.0001123223759365
CFAP97,-0.5705058788290529,5.267511047123625e-07
UBE3C,-0.5705349771247876,3.300314831966468e-09
VCF2,-0.5708152436312139,3.470534222901234e-10
ENSG00000278341,-0.5709907107244152,0.0006937442661549
ATPSCKMT,-0.5715869445811812,0.0021042221907434
POMP,-0.5716370995109017,1.0106662093440288e-06
RAB20,-0.5717101220095016,0.0006248419827765
MYL6,-0.5717292533909806,4.776707681241415e-10
PARD6A,-0.5720048898580599,1.874024969340532e-09
ANXA6,-0.5720868491951485,1.0855477057674458e-05
ZSCAN5A,-0.5723894653778137,8.029553292829973e-07
ZNF407-AS1,-0.5725613281164472,0.011533166612359
NCKAP5L,-0.5730959802670681,0.0077378639190244
BCL7B,-0.573265179568927,4.1991054964013976e-11
FAM120A,-0.5733354340162382,3.241528237949176e-07
NUFIP1,-0.573786640851377,2.7512379393146615e-09
BCCIP,-0.5739033337898478,0.0007527244607464
SLC38A6,-0.5741173268761164,0.0006674170190737
PAQR3,-0.5742160132953082,2.7817316518405376e-05
APOO,-0.5742392639864602,5.698830891017081e-07
TSPAN32,-0.5743499270605383,0.1587672133964064
ACTR3C,-0.5743938313833925,8.201685802336916e-05
THAP1,-0.5747620741510002,8.462779624555432e-11
SRSF6,-0.5747920841357193,0.0004333589753046
ANXA1,-0.574881105702401,0.1014231496517336
PPP3CB,-0.5749894057695615,3.1414315525050906e-08
IFT81,-0.5750348325955412,0.0006028796448822
S100A10,-0.5754312148400746,8.147572739907759e-05
ARL13B,-0.5754414478011598,0.0001325530804159
TCP1,-0.5756850117119061,2.776160984863534e-07
TSPOAP1-AS1,-0.5762070387491969,0.0186375726397185
SMPD4,-0.5764767606481351,1.61942216924561e-06
THEM4,-0.576582996409849,0.0482014116459321
PAXBP1-AS1,-0.5766009853951866,0.0228235879575897
SNRPB2,-0.5766045081339071,8.456224479288648e-10
MRPL21,-0.576743138883896,5.63470806495788e-14
ZNF26,-0.5768679380767163,1.8157330641943845e-08
TREX2,-0.5770465984338596,3.1310621199578777e-06
CDC42EP3,-0.5771842359192938,0.00889344930616
SNX10,-0.577282479002803,0.0003003338427446
EIPR1,-0.5772836985657799,9.137441488079044e-15
CORO7,-0.5777279269293008,1.299849892721379e-05
C12orf43,-0.5778345574963932,8.115377593920249e-11
LIPT2,-0.5779435886461822,3.535047903439853e-09
MICA-AS1,-0.578126636156753,0.0067946141801365
BMPR1A,-0.5781563796457245,2.474417199679344e-06
PTGDR,-0.5783797773218496,0.0035194295266477
KCNJ5-AS1,-0.5786664261645,1.105139489985214e-05
PCMTD2,-0.5788536323923843,0.117888823221077
GNAZ,-0.5790706748775459,5.8404141208765225e-12
PWP1,-0.5794346207586019,7.341903058176848e-13
GALNT10,-0.5796101018428281,6.008582279929212e-06
FANCB,-0.579976938878481,0.0024294096874448
LCLAT1,-0.5801423518456943,4.448717309004208e-09
ATP6V1G1,-0.5802473842482385,1.8148729441893006e-05
NDUFB6,-0.5804043290234331,1.59853393107543e-07
ACTL6A,-0.5805346160888751,9.820465141965426e-07
KANSL1-AS1,-0.5805615103499946,0.062045265439678
PPM1D,-0.5806258762946888,2.357741871473502e-07
CXCL10,-0.5806296913170339,0.0125761858464777
ABCC4,-0.5808051177531559,1.7521367088301553e-05
HK1,-0.5808148574561907,9.887041671043009e-09
EIF2S1,-0.5808360877232683,4.5067903264485694e-09
PPP6C,-0.5810722773938437,5.888271887412696e-15
CEMIP,-0.5812990369870976,0.0026133410021404
CDK4,-0.5813422477000394,1.5519679939469584e-05
MCM8,-0.5814525524499659,0.0045507932337354
GEN1,-0.5817232254374876,5.396013226512991e-06
SEC31B,-0.5819013110147839,0.0004276444699568
SLIRP,-0.5829282927031567,1.7535999086234448e-08
YTHDC2,-0.5830597157557822,4.5286029191479526e-08
DFFBP1,-0.5830646455485543,1.526374277165658e-08
IRF2-DT,-0.5831679482335419,0.0067063661729135
PRKAG2,-0.5833748903814526,2.5992266134381037e-05
QTRT1,-0.5834486547922095,0.0008428310428125
IFT56,-0.5835579691245758,2.8067289867236836e-05
ENSG00000267904,-0.5841493419368529,0.0009159649924628
CENPQ,-0.5843891280613507,0.0021605940704714
KIF19,-0.5843920931963525,0.002652593709665
CNN2,-0.5844292118790086,2.3506033573569538e-07
BAZ1A-AS1,-0.5844904775806778,0.0004506810913262
CD99,-0.5847264359843543,8.777511428273005e-05
ATP8B1-AS1,-0.5849319620268436,0.0121938977289863
ENSG00000227486,-0.5849774526501165,0.0001373608616517
DOP1B,-0.5850804682220447,0.000555582186045
SMARCC1,-0.5854462531060474,1.1770457868566177e-07
FBXO33,-0.5854567598220548,1.7698898399704912e-10
VPS37D,-0.5854998466016617,6.86237900795353e-07
GPS1,-0.5856410315594935,3.331131135002052e-14
PNO1,-0.5858012577726299,2.705379112273249e-05
LPP-AS2,-0.5858508226100574,0.0239878656131881
LINC00544,-0.586061492121886,1.5134328359096111e-05
CTSH,-0.5863493880159352,0.0025680492036172
TIMM8B,-0.5864232619624739,1.8212332553791427e-07
KIF9,-0.5865539541269018,2.615419988176307e-06
OR2A20P,-0.5867133406212188,1.4706244703569326e-05
RBM4B,-0.5872791387867022,3.121797802662922e-05
FGD5-AS1,-0.5873508974000172,9.337546234278212e-15
ENSG00000224738,-0.58757848667177,5.370460312469861e-09
ENSG00000271781,-0.5876082541919591,2.827774521829607e-07
NUP205,-0.5876688293222614,6.264492564418126e-06
XRCC6,-0.5878026294418284,1.7431473949846808e-11
ZNF502,-0.5879339154482499,0.000129956163083
PAFAH1B3,-0.5880825628706257,1.8843130452103237e-05
NIN,-0.5881494056332537,5.584844570366515e-06
LIMK2,-0.5882707280632058,1.8301740189721538e-10
U2AF2,-0.5883206025340098,9.720890067610683e-15
MYD88,-0.5883288718537623,0.0003860420876534
NBEAL2,-0.5884789742083161,0.0001526016192605
IFIT5,-0.5886495252760984,0.010530516738968
WFDC1,-0.588666098473953,0.0663324688983156
MFSD1,-0.5886881081627484,0.0003349052157228
CEP131,-0.5895313454938282,2.6549516565719095e-10
PPP6R3,-0.5897610367678459,2.88293167034004e-10
S1PR1-DT,-0.5900097746574472,0.0002338210413822
CDIN1,-0.590197702756118,2.881894913385876e-07
ARL4C,-0.5902344578675596,3.701832636051593e-06
GARRE1,-0.5904172497140783,1.3189079473744792e-11
DERA,-0.5907432482284225,8.113412730508832e-09
LINC02611,-0.5908746403882625,0.0405529140443399
EFNA4,-0.5908941247346371,3.0734479027106373e-07
SNRPG,-0.5911564774368339,3.121973237217168e-09
DDX49,-0.5912629146456974,1.1907624869247102e-10
UBLCP1,-0.5912916585733177,0.0003136822746909
LRRC42,-0.5913178439888815,1.7783050696964551e-09
CARHSP1,-0.5913923364415492,0.0001098356628715
POLR2J3,-0.5914972763155051,0.000103628106619
KBTBD2,-0.5920414838584911,5.24417685281915e-13
METAP1D,-0.5922162790761594,0.0004119296531009
GTF2IRD2,-0.592547077236073,0.0945940518254826
TUBBP1,-0.5927186393776218,6.82031575144788e-05
ZDHHC13,-0.592769726467866,5.2660663345966716e-08
ZNF653,-0.5928260649949024,5.70721099472333e-10
TFR2,-0.592897742957522,4.2956661061763794e-05
EGFL6,-0.5929293235098607,0.0787426388139014
HNRNPDL,-0.5930057805493432,9.794858535546178e-15
TSGA10,-0.5930063202462506,0.000155187577864
TOP2A,-0.593047803986968,0.0443996608862619
CYLD,-0.5931666867336762,0.0003171724591177
ARHGDIB,-0.5931789353649393,2.4494087153754723e-08
ADAT3,-0.5932040230579347,0.0002928845663439
THEMIS,-0.5933096766856414,0.0019786390423731
ADAMTSL5,-0.5935037366912868,0.070458040206735
TMEM126A,-0.5937072781007791,6.209334422035619e-09
ENSG00000288612,-0.5939303643655596,0.0073513503651652
FASTKD2,-0.5939666771750423,9.137441488079044e-15
EIF4G1,-0.5941837943245947,8.04517190113901e-09
NDUFB7,-0.5941930296633897,3.230140419281384e-15
ATP2A2,-0.5944646471613719,5.261583295814324e-07
ARB2A,-0.5948588926146527,0.0010980824363237
DIDO1,-0.5951467832004136,5.081162155792021e-05
SPRING1,-0.5952889828826784,1.7965468159479776e-08
POLR3C,-0.5952948029621306,8.155770410271012e-06
WRAP53,-0.5953080003193856,3.2743259193859333e-07
LMF2,-0.5954695003711086,1.5097438851481893e-15
SLC25A37,-0.5955774578067192,0.0013905657196903
ZBTB16,-0.5961400045681451,0.0437695265899462
BRMS1,-0.5967842649105544,1.0019699026023082e-12
RAB4A,-0.596867296456038,1.958059614569269e-08
EEF1E1,-0.5969206180423334,2.260880285562499e-07
SBF1,-0.5974067310498903,6.706981409233666e-09
ENOX2,-0.5974522953635311,2.96829721143393e-10
NDUFS6,-0.5975464800930474,1.6723105294981147e-08
SELPLG,-0.5977350251765969,1.786666644097955e-06
MRPL1,-0.5979050805225836,4.848852817371085e-07
CAPN5,-0.5979533535466539,0.0001309923917542
PUM3,-0.5979958176352955,1.0107187117616162e-05
EXOSC10,-0.5981887814429152,5.611919682853863e-17
CEP170B,-0.5982142748938553,0.004206859640546
ENSG00000227992,-0.5983701271707547,1.0319515382862535e-05
SPG21,-0.5984652974949034,1.3392080628080057e-13
FN3KRP,-0.5989419895909176,3.5442471101423727e-10
CLN3,-0.5990497642024377,0.0018368370058553
STK11IP,-0.5991857649971797,2.06766673610827e-05
ZNF41,-0.5993432277337201,8.656769977735186e-06
GHRLOS,-0.5994169514724748,0.0063975720203923
AMDHD2,-0.5994979083301519,0.0068935963569578
SNRPE,-0.5998029583669169,2.678056544880082e-16
HUS1B,-0.5999133802074856,8.352676384060354e-10
SNTB1,-0.5999939106139758,7.126823006593613e-05
KCNQ3,-0.600161408603684,0.0139151386078773
MIR25,-0.6002683243278464,5.13567429586805e-07
MAPRE1,-0.6003501739982537,7.160757338391591e-11
SSH2,-0.6005287021347945,4.672209012952484e-11
CRACR2A,-0.6007243744605217,0.0063928130223299
ZFTA,-0.6009193428659012,0.1137755522981931
ZNF542P,-0.6009577456599255,3.93692605554832e-06
SMC5,-0.6011292933380235,5.0831970732398086e-14
RPP30,-0.6016890205209053,2.0022990155786204e-11
SAP30L,-0.6017486364754632,1.319566131126956e-08
ENTR1,-0.602523961292361,0.0022897567342933
TNFSF15,-0.6031434582355433,2.779804817522019e-07
MIRLET7A1HG,-0.6032020109391751,5.5759631562247906e-05
CD1A,-0.6032448593654036,0.0012206884072014
CEP112,-0.6032543779094048,0.0052264103329466
AHNAK,-0.603480887650159,0.0006006952186659
SGK3,-0.6037671723248608,1.7332582260309318e-08
KPNA2,-0.6037758787338108,0.0071822277335704
HSD17B12,-0.6039340342266493,0.0001899243081032
SLC31A2,-0.6040630324944511,6.623100018644919e-06
SLC2A4RG,-0.6043907419588299,1.4809807282952546e-05
TINF2,-0.6047574710801653,2.764674218951131e-07
POLR3B,-0.604831327985714,0.0003237506444508
OAT,-0.6048481635114014,0.0014232692041861
GNAO1,-0.6053619056960236,0.004951211773534
RAPGEF2,-0.6057614376009735,0.0031268685282159
RRP1B,-0.6057693692490735,2.551545494690518e-13
ENSG00000280128,-0.6058339814724358,0.0514511622658079
ALG6,-0.6059242371161693,1.6041024547113535e-08
ZW10,-0.6060598269901867,8.149087085265452e-08
ENSG00000274922,-0.6060969835810928,0.0036751116816072
TRIOBP,-0.6062231786957932,3.412645570578074e-06
PRDX4,-0.6063329304124596,8.338643291885821e-09
MSANTD2,-0.6064014777356723,0.0002287351561973
SPCS2,-0.6065159379099612,1.6991007152100522e-06
ZNF778,-0.6065616573235078,9.72174615237084e-06
RPL31P46,-0.6067592761843289,0.0001893105287769
CEP164,-0.6071671622338206,1.2228604421353422e-05
CDC123,-0.607219128702841,5.0222815950454475e-08
GNAI3,-0.6081000991649947,5.271313478634646e-09
NAPEPLD,-0.6083790028262994,0.0080312067127745
GABPA,-0.6086898016517122,8.295587098837177e-05
C1QL1,-0.6088997345751909,0.0003538021553055
CATSPERB,-0.608908675832977,0.0002303377899707
ADCY10P1,-0.6089510968929082,0.0002080551709212
CDKL5,-0.6091325282761009,1.1675291940470709e-07
ARF6,-0.6094354490119223,1.3187740521820966e-07
CLSTN1,-0.6099742369343968,0.0002112457945844
MRPL35,-0.6101104662333849,5.925745789810765e-10
PRRX2,-0.6103222693448089,1.824356865065209e-05
RESF1,-0.6108774339389509,1.6005255766729664e-05
KHK,-0.6109519913170911,2.5374061338102463e-11
NRIR,-0.6110725604905216,0.0009020411928302
GAB3,-0.6112900032138819,0.0071805935690912
ADA2,-0.6114399333075129,0.0304968741486488
BCAT1,-0.6114863356936451,0.0956092894070554
TRAPPC2L,-0.6115328655493446,2.649665582173384e-11
CALR,-0.6115518188632869,2.344698232710962e-06
NCAPD3,-0.6126053010493306,0.0055057083886607
POLR1F,-0.6126815277526143,4.574999384443595e-09
PCED1B-AS1,-0.6126852960817439,0.0022002685945327
LAGE3,-0.612737879387435,1.1987578049622443e-09
GIMAP5,-0.6127912012684267,0.0085687299746662
NMI,-0.6130059473411427,6.40191004598912e-08
KLHL22,-0.6130262929870653,0.0005475027251819
FASTKD5,-0.6133164008187064,9.178747097702296e-13
NBPF20,-0.6133474779515541,5.432165233640584e-05
PDP1,-0.6134048903150191,0.0029760160873627
NEK4,-0.6137965305875168,1.0877803093445017e-06
SDE2,-0.6138220783583943,2.2125161895341946e-07
ICMT,-0.613970144521021,4.193018524828896e-07
IPO9,-0.6141603917737521,5.195034157913505e-13
KIF1B,-0.614408900590294,1.0475631295864356e-08
ATP6V0E2-AS1,-0.6145106722067488,0.000894216447042
ARL5B,-0.614812058671613,5.462555720243179e-06
DDX11L2,-0.6148862624378542,0.082435598667403
MIR1244-2,-0.6153245334415276,5.299486505860575e-09
NAA20,-0.6155039591599847,1.6366462632452712e-13
RAN,-0.6160287331342191,9.055804476012216e-08
ENSG00000260007,-0.6160918868428716,1.06954102251127e-09
ARHGEF34P,-0.6161001466027227,0.0247257511586726
ZFYVE28,-0.6164503137791577,0.0010416434989379
NPHP4,-0.6166385106638632,1.009123939837268e-08
ZNF668,-0.6166924318306441,5.998443197005931e-05
CARNS1,-0.6167314644222466,0.0054045371556454
TMEM109,-0.6171497696225856,2.411744153176897e-07
ENSG00000272256,-0.6171529270136302,0.1309041072011951
LSG1,-0.6171820723123842,9.011637144766304e-12
ENSG00000226180,-0.617237981707188,2.5809932798274396e-05
EMG1,-0.6172678673652117,2.8453435876493697e-13
SMPD2,-0.6174142035178094,8.191368681652957e-05
WDR35,-0.6178144619202852,0.0005066526286263
PTPN18,-0.6178477364448174,0.002496486241415
IFNAR1,-0.6179661518145094,2.520026249463861e-05
SOCS1,-0.6181124585667197,0.0038755213906388
PRKD3,-0.6181984943861343,0.0045699794194665
VSIR,-0.6188514436521357,0.0001754069898048
MESD,-0.6189041526492769,9.696970884540832e-06
SLC16A1,-0.6195226400115486,2.0080927936357083e-06
TIMM23,-0.619812802588009,1.4772550177786298e-08
HLA-C,-0.6199525720084793,4.385750819797743e-05
VAV2,-0.6201164721929517,0.0002120813479251
PHC2,-0.6203399216811487,3.77287460812931e-12
GRAP,-0.6203438798661796,0.0041494519942706
CDS2,-0.6207398497677223,0.0001693188990865
HASPIN,-0.6212842828558722,0.0048707289619952
MKNK1,-0.6214448870780522,4.710583841600881e-05
ATP2A3,-0.6217528355947177,2.368638305229521e-05
RHEB,-0.621882917126559,2.71868476331194e-07
WSB2,-0.6220976076529317,3.646621760662113e-08
NUP85,-0.6222768432523118,3.722980948093825e-07
DNA2,-0.6224160334080189,0.0008869826410749
OSBPL8,-0.6226833556020699,3.912075162953894e-11
LINC02458,-0.6233669914906785,3.3590360604516383e-06
DDX11,-0.6235869769532467,1.551333441244552e-06
MAPT,-0.6236782060708823,0.0079817721982132
C1orf54,-0.6238348322758926,0.0007131708780705
ITM2C,-0.6239182280893196,0.0358041487490093
SHISA5,-0.6247851555634787,0.0002603955194901
SECISBP2,-0.6248577484739162,4.968921265486295e-07
ENSG00000280202,-0.6249921936583878,0.0140752869741983
SBDSP1,-0.625255480343438,3.6963479919072974e-14
HMGB1P5,-0.6253510932859032,1.7121780990426608e-06
POLR3K,-0.625679913207855,2.1700272426829697e-05
NUTF2,-0.6257195511953935,9.337546234278212e-15
PPP1CA,-0.6257255428057356,2.6245220467789683e-08
OPA3,-0.6257319915077915,1.5823264457103278e-13
FANCE,-0.6257885004542665,9.527949013185996e-07
METTL25,-0.6259205397409122,0.0015011376800025
INO80,-0.6263844443607169,5.435432283760383e-07
PPHLN1,-0.6264578877420242,4.704105407250893e-08
GATD1,-0.6265324400388383,0.0002165821848718
UBE2D1,-0.6266929864338029,1.6816969142309928e-12
NUP35,-0.6268300774171025,4.028282530081115e-05
DECR2,-0.6268784125898132,0.0015899128854249
ACAP3,-0.6270455620079964,3.912880931263579e-09
AFG2A,-0.6270504413071438,0.0004234314785355
BCL10,-0.6270513650354808,2.1705699968923297e-08
SLC25A16,-0.6273368462152247,7.469084929610761e-09
PAPOLA,-0.6275675880704839,7.089681841714254e-08
FUNDC2,-0.6277009877511608,7.680058687317208e-12
PHF20L1,-0.6277109375593817,4.3004859280426103e-10
INSL3,-0.6277245380309833,0.0005495138064077
NHP2,-0.6279293229681588,1.498739496730364e-07
CNKSR1,-0.6279678608702313,0.0040763693462447
LINC03072,-0.6282754929295269,0.0128162879151938
POLE3,-0.6285817666140767,2.4562552446105704e-14
L3MBTL2,-0.6287620683891255,5.90019996589432e-10
DARS2,-0.6288539933089448,2.0931353859696474e-07
TAP1,-0.6288670836329366,4.038249860296624e-13
VPS51,-0.6289712360117488,4.7958219946507144e-05
SSRP1,-0.6289834494530142,1.49472367708034e-06
GTPBP6,-0.6291509726163067,1.979551023676478e-09
PPP1R14C,-0.6292584991763728,7.984300328405672e-05
DCAF13,-0.6294010934577488,1.694481078978337e-09
ZNF592,-0.6295373404803755,6.602077151319535e-08
CDON,-0.629574631416707,6.1065598150525175e-06
RFC2,-0.6295848694170809,0.0003933526271277
S100A4,-0.6305637565982138,0.0002262330163609
POTEE,-0.6307482815522333,1.1219690867595354e-06
E2F6,-0.6310833635992101,1.5664243157103282e-10
ZNF611,-0.6311593582992701,0.0001239614095815
PDLIM5,-0.631376433228537,9.764672637503256e-06
CARD6,-0.6317381969466886,0.1316701418434238
GATAD2A,-0.6317843625482205,7.696221421804368e-10
ZNF33B,-0.6320545127756025,0.0111086480179742
CYTH3,-0.6325408842785722,9.47832595777528e-08
SFMBT1,-0.6325603387653196,5.36072749544856e-08
LINC00528,-0.6327091726423595,0.001047802958728
ZNF300,-0.6327610630137261,3.109365562983099e-06
PGK1,-0.6328607481786452,6.843192115238687e-08
PDCD5,-0.6329427074892902,3.9615406267003983e-14
HSPA1A,-0.6332439480251493,8.528784710669071e-05
ZFP41,-0.6333001946732517,0.0055863388024768
UBAC1,-0.6339248477579487,2.3110236475868408e-12
NAA40,-0.6340746737119387,0.00045174526205
PRSS36,-0.6340782325298034,5.641684517481372e-06
MKRN3,-0.6342442099741488,3.147275753434978e-06
PYCARD-AS1,-0.6343925946874297,0.0001353465080496
ENSG00000224789,-0.6345149779229853,1.1715469825897608e-05
PSMB9,-0.634653037690696,2.2402003025534098e-08
PIGO,-0.63473277006364,7.140440944247045e-07
FUS,-0.6348440127756589,5.1171692505977e-08
GTPBP8,-0.6352067854552881,1.1937762448979097e-06
ZFAND4,-0.6356080523085912,8.387936218996967e-10
ARHGAP45,-0.6360214604811532,8.685425059360989e-06
HYLS1,-0.6360912677400901,6.010148042559372e-06
PSMD2,-0.6361222752535225,3.929141337428052e-12
STAT1,-0.6371622711379601,0.0062031234609812
ARMH3,-0.6372238366748864,8.847894654158277e-10
TIMM50,-0.6373148350164985,2.8942085533277076e-14
RABGEF1P1,-0.6373844040438765,0.0002400002832397
TFAM,-0.6376615996285713,2.6298577130112807e-17
OTULINL,-0.6380362246027467,0.0022243761827012
EMC3-AS1,-0.6383921321637898,5.8516168886675214e-05
TTF2,-0.638875639162273,0.0001442962584515
ENSG00000257176,-0.6389765354500491,0.0012798549042968
SNORD62B,-0.6390464419524559,8.131608563950054e-06
LCDR,-0.6392692733486794,0.0028889894130987
CDC7,-0.6394118324111462,7.089972196959446e-05
ZNF354C,-0.6401119732117473,8.750708952898583e-05
EIF4G2,-0.6404179713979019,2.7208267610918017e-06
SELL,-0.6404960366612373,0.0037001215315409
KIF23,-0.6405900903133332,0.0119480347428603
ENSG00000286388,-0.6406227909757294,0.0029444740277948
AIF1L,-0.6407308096535742,0.0016316686661056
STK33,-0.6409018477443429,0.0070024304567606
SLC25A45,-0.6410574549023096,0.0501169082882076
PDSS1,-0.6415568859941079,1.944892102271971e-05
BTF3L4,-0.641771073086975,7.692581690643951e-19
RAD54L,-0.641829987312807,0.0190366911668058
UBXN11,-0.6426302365949539,0.0001463674056127
ENSG00000272106,-0.6427599489840308,0.0001015159094544
RABEPK,-0.6430046680893962,2.923488133363427e-12
DERL3,-0.6431059273789757,0.0058024274301591
STC1,-0.6431657238183022,0.0198237925298248
PSMA4,-0.6433782065659805,5.584110380526731e-14
TOMM5,-0.6435964174857542,5.6968894882750515e-09
ATG3,-0.6438737657282134,2.25041306519958e-16
RBM42,-0.6440817255900173,1.1477301620767646e-11
NPTN,-0.644198316731039,2.1404630027208766e-06
SLA,-0.6442609114245466,0.0676877914489253
DAZAP1,-0.6442787422038148,1.9536825489820246e-09
C8orf82,-0.6451015717506992,0.0020358242912461
USP54,-0.6452532043869856,6.673935060129409e-06
SPATA41,-0.6453936281957631,1.1988440949111651e-08
CMSS1,-0.6455834959744542,4.025448896231556e-05
ARHGEF35,-0.6455945482207316,2.289892483071926e-06
TRAIP,-0.6463566798809062,0.0023030067706238
CD200R1,-0.6463826564940551,0.0401876909411037
SENP3,-0.6464132077956637,2.012773184669139e-11
RAB11FIP3,-0.6467358689111569,9.589234510952575e-09
EIF4E3,-0.6468178940317495,5.697019612524292e-08
LRRC8A,-0.6469791804142124,1.1658019573079161e-08
KIAA1671,-0.6470962705370731,0.0032631768929863
CFD,-0.647138810369239,2.7019823416534453e-08
EIF4A1,-0.6473925988852045,0.0023197345004671
NGDN,-0.6476284055472785,5.611919682853863e-17
TIGAR,-0.648271857881126,1.0792876483623163e-06
PGAP1,-0.6484447579937234,3.439777616314901e-09
PYGM,-0.6485982406838211,4.8194130748879236e-08
PIGH,-0.6487343156629071,1.5786693529944462e-08
DEK,-0.6494516474715786,3.729313671473577e-07
CDK1,-0.6495971083893473,0.0338810636817903
KLHL42,-0.6496190619733717,5.415516131578423e-05
BCLAF1,-0.6503165585387256,3.936981990508515e-11
PUDP,-0.6505675287394661,0.0178460612791186
SF3B3,-0.650791584875611,2.5738536074158668e-08
MRPL47,-0.6508316369701408,3.6274969228338956e-11
TMEM163,-0.6508474789503982,0.0094734833604791
SMC4,-0.651039137012563,0.0002931359691774
FKBP3,-0.651314843501666,3.211853606151813e-05
INO80C,-0.6513216478897785,5.811048472498055e-08
TAC4-AS1,-0.65149644702194,0.0001075342215503
ZMPSTE24,-0.6518154222597037,1.7199961175645722e-07
CENPS,-0.6519566566091044,1.1033703178780782e-08
COPS3,-0.652258941837907,7.464671275448731e-10
RAD51AP1,-0.6527407776583773,0.0162514359786541
JAKMIP2,-0.6528226994502204,0.14926518210039
DISP2,-0.6530093835364681,0.0026063760448638
SPRED2,-0.6532612738596026,0.0213821816408314
TNRC6C,-0.6535278831281026,1.6792433899848646e-11
YBX1,-0.6535296503441437,7.458458902600333e-12
TRIM26,-0.6537631120772556,6.013553634012762e-10
RRAS2,-0.6540059910419167,0.014776823728176
KLF13,-0.6542215180339515,1.1941340409611925e-08
PTPDC1,-0.6542622393149586,7.531456793513219e-06
ZCCHC14,-0.6544242313218502,0.1112064304134654
GLRX3,-0.6547024780277839,1.1107305689732021e-14
SCD5,-0.6549174151904582,0.1824482177059571
ZNF213-AS1,-0.6549661680947478,0.0020938675782743
MUC12-AS1,-0.6549916873803601,0.0022272186252799
FEZ2,-0.6554270673887475,5.330806635926359e-06
MAMDC4,-0.6555618411841415,1.3726254159652484e-06
SLC9A8,-0.655853014037004,1.1999270149387769e-06
LINC00205,-0.6559855844021172,0.0422654063584058
GOLGA2P7,-0.6561566458700052,0.0010863950211596
GCDH,-0.6564396615388635,4.3004036468415195e-07
RAB35-AS1,-0.6568679500483947,4.286637718618201e-05
ATP10A,-0.6574305772038151,0.0038345020141852
ZC4H2,-0.6575533519769992,0.0002313560410589
CYBA,-0.65780660137544,4.4109406732949865e-05
ZFHX3,-0.657907987600054,0.0006179495783944
TTC39C,-0.6579608292206114,4.581190030455262e-05
AKTIP,-0.6582799205299681,2.8038687982197528e-08
CCDC91,-0.6587002629240617,5.0788106540330095e-05
PSMD11,-0.6590465162765806,1.8504006780321854e-09
ENSG00000269044,-0.6590853844812941,0.000637133486787
NDRG2,-0.6596867268056994,0.0042000808278144
ENSG00000279443,-0.6599861925733077,9.298232643954834e-08
TRIR,-0.6606335730036816,2.743610089647418e-07
RHPN2,-0.6609469551869127,0.0001078389888473
ENSG00000258875,-0.6612418026441036,0.0019028194233194
HMMR,-0.6616504012311726,0.0044942967845007
BAX,-0.6616783174737133,1.1782211096498278e-08
SLCO3A1,-0.6619557213259597,1.341462447036232e-05
HAUS2,-0.6621600682118638,1.98483270898106e-13
SETMAR,-0.6624134030967914,3.713019383434146e-06
SRF,-0.6625310304091201,7.715927781834304e-07
POLH,-0.6626685617772807,2.4454901258275086e-06
LIN54,-0.6630542726169271,2.945057173697487e-05
SORL1-AS1,-0.6632761360527897,0.0016874343269616
PDK2,-0.6635374242945122,0.0029923955159844
ZNF780B,-0.66367096775069,0.0652457851455459
EXOSC2,-0.6638529722897548,2.567356417126243e-12
KIF15,-0.6641578809075313,0.0025682188203326
RBM17,-0.6641581399201515,1.1081927703462988e-08
LRRTM3,-0.664181850595042,0.0004444474257578
MTFR2,-0.66422543452921,0.0025348317878445
MKKS,-0.6643344068602128,3.856636461873281e-05
BRD3OS,-0.6643369451012502,0.0035130961961677
HDAC1,-0.6645342916692405,8.113412730508832e-09
NSL1,-0.6645397571785097,2.3112840090750788e-08
NOL9,-0.6646312589329284,7.64006201170097e-12
MCOLN1,-0.6648154155386847,1.222126361240362e-07
HUS1,-0.6649278727636938,5.025487796236535e-13
PSTK,-0.665013454300279,4.505610200109293e-09
PYCR3,-0.6650665263257802,8.834734027748596e-09
MRPL48,-0.665341022929864,9.820917796579151e-13
LMTK2,-0.6653837155228661,2.4510645565621895e-11
ATL3,-0.6656591649695907,2.4916511322139812e-09
JPT2,-0.6657353803611539,1.5399257517868735e-09
DANCR,-0.6665741242468601,2.3009301943120198e-07
RBBP7,-0.6667464322930243,1.0639215235269889e-06
ARRB1,-0.666811861159589,0.0052972891550707
FXN,-0.6668838079304908,0.0016054699666727
TIMM10,-0.6670342918477825,3.3919193657358594e-05
ENSG00000279453,-0.6672675988301922,1.0170509277486622e-08
ULK4,-0.6679840763541076,8.615390181283881e-07
TLCD3A,-0.66813131631391,0.0139449346232656
GPR27,-0.668479825768155,0.0078117325098207
ZSWIM7,-0.6692636379646717,0.0002073818407519
TNS4,-0.6692834367371913,0.0060539478447911
DPF3,-0.6694897858165114,0.0886575262481019
SOS1,-0.6697844659031595,0.000391005303092
ENSG00000272498,-0.669897357247283,5.123038918286215e-06
CKAP2L,-0.6700029275982837,0.019803993633933
AMD1,-0.6702228719862546,5.025487796236535e-13
MXRA8,-0.6702552313685093,0.1164024110806557
UBTF,-0.6703489127825364,3.971894348230898e-06
CCDC157,-0.6703986893535898,0.0004333589753046
INTS9,-0.6709190811381269,1.8625249673323732e-05
OSBPL11,-0.6709293369234279,5.328891028969533e-17
TIGD2,-0.671077972862058,4.119925144733315e-05
TAF4,-0.6719038448328849,1.1539781155675448e-15
OGDH,-0.6723699203516098,9.926226667620958e-09
MAD1L1,-0.6723776258570275,0.0086913435052949
NOC4L,-0.6727336216679145,2.2476073724223178e-08
H2BC6-AS1,-0.6730208048554056,7.374261699557598e-06
ICOS,-0.6733368704806928,9.73915487886004e-05
KIRREL2,-0.6740342968618502,0.0045833481055045
PTAFR,-0.6741801763960904,3.223949358738817e-05
GRWD1,-0.6744678262542756,8.710477531453233e-10
SGO1,-0.674679610712495,0.013461782524139
SUV39H1,-0.6747198692473235,0.0002397116432607
LSR,-0.6748670891152799,0.0054688783261422
ENSG00000274104,-0.6750491845354856,8.713870153643392e-06
UBE2FP1,-0.675107951980439,2.370513507781835e-07
EZR,-0.6751835145902687,2.7987476373173965e-12
HEG1,-0.6755276309584826,0.0058884242337003
SLC36A1,-0.6755589155318913,0.0001843140474894
FDXR,-0.6756413247424993,0.0002577823602466
VRK1,-0.6760748699717016,1.8911249770872958e-07
BDH1,-0.6761120913258498,6.971017570116143e-11
ENSG00000285761,-0.6763266746658886,0.0007797321800719
ATF5,-0.6768477402946562,0.0005356069292518
BRIX1,-0.6769491086843287,8.189436809098656e-08
WASHC5,-0.6774123133663279,0.0002972487705743
IPO8,-0.6778207470205082,4.64071855777455e-07
SNX29,-0.6781508358271839,3.300314831966468e-09
XPNPEP2,-0.6781560691713472,2.825424134115446e-08
SREK1,-0.6783541826210726,9.182607403914389e-05
ENSG00000278869,-0.6783965614499334,1.3188063037305205e-06
UBE2Q2P2,-0.6792268690508563,6.417111525151751e-05
MAT2A,-0.6795988313057846,5.224596706605824e-08
KCNK7,-0.6797598670715779,5.5486688337987764e-08
CENPX,-0.6799142486745797,8.050709158246381e-09
SIGMAR1,-0.6810039644140797,4.48804608780836e-12
YWHAE,-0.6814317155379106,1.2678654505972077e-07
FAM86C1P,-0.6819861492170385,0.0074319728588421
ARID5A,-0.682062195339082,0.0129718304706414
TAF4B,-0.6821394122526834,7.614664188458525e-10
CASP1,-0.6823562873900144,6.051799539072017e-05
SPN,-0.6828046252779778,5.85287512326781e-06
HDGFL3,-0.68319424393707,3.026353633655198e-08
HMGB1P6,-0.68342440133291,5.262298742704994e-06
COMMD1,-0.6836862497421259,4.981364106205262e-07
SUCLG2-DT,-0.6839788279007231,0.001825174693263
ACER3,-0.6839913990202957,2.3256990418562745e-07
ENSG00000259278,-0.6840303638293215,0.0005079500440655
KLF7,-0.684290071746867,0.0021885383474068
UBE2S,-0.6847096038774056,0.0312904348001614
AMOTL1,-0.6848058032104425,0.0003324410110387
PARP12,-0.6851572545034053,0.0001916541764383
SETBP1,-0.6851833125207576,0.1244662192634754
VRK2,-0.6856495127784203,1.030968430174829e-09
MAPK6,-0.6858747806879482,4.012224783710203e-07
RAB29,-0.6862130379979003,5.733981734771223e-06
JMJD8,-0.686555003247463,9.281577725949988e-11
UBALD2,-0.686789669344007,0.0001020880737009
JAZF1,-0.6868186636913349,0.0013675877991777
B3GNT3,-0.6868665755837741,0.0001938849126426
SV2C,-0.686998324183355,0.0005520817224512
YJU2,-0.6871046163179182,7.306945575046387e-08
NDUFA9,-0.687150529635387,1.0680247406054648e-09
GMPPB,-0.6873037724477449,7.648402408609844e-08
MAP3K1,-0.6874775730843092,0.0263744562162054
RPGR,-0.6878022686262519,0.0001273473652161
SLC22A23,-0.6879077923079633,0.0002134105908525
TIMM13,-0.6879121271967321,1.9751963608460233e-08
NRL,-0.6884235059360981,6.704009727385872e-09
ATXN7L3-AS1,-0.6885269965919527,4.772615941131363e-07
ATP8B2,-0.6886584415968242,0.0592431387416418
TXNRD1,-0.6887456614320193,1.685658368953403e-07
SLCO4A1,-0.6888371669421955,0.0312871789115483
ILF3,-0.6889123668086725,5.01959857875373e-13
SSBP1,-0.6893859653752799,2.2749226669070688e-11
SLC35A5,-0.6898045519493561,3.197420305904193e-07
ADSL,-0.6901164177733401,5.548667514052854e-10
VMA12,-0.6902926882190945,2.801183560093693e-07
ACAD9,-0.6904135333799699,1.858400701998693e-07
WDR62,-0.6904463990014147,0.0218108503242464
CEP72,-0.6904835685759818,5.1352358056621135e-05
PTP4A2,-0.6907159629037221,1.1839042054849544e-08
CMTM8,-0.690840389585666,0.0043562100854641
PROB1,-0.6909091978844852,4.7250113848618775e-06
NAT10,-0.6912146610420837,5.6463936214099965e-15
ZNF480,-0.6913750789927073,0.0001447581231529
PRMT6,-0.6917746788830561,0.0024631452598819
WDR1,-0.6918024235964193,3.496900756785114e-07
HNRNPL,-0.6921289750353692,1.2287372380849487e-08
CAPN2,-0.6922214333418442,2.4340999082870617e-07
TBC1D2,-0.6930326151987507,2.891759808281162e-05
MIDEAS,-0.6930885520252748,3.5333728099018366e-10
PTPN4,-0.6931342110128149,7.057153356117362e-05
LGALS8,-0.6934329568255775,1.1375288293698632e-05
ZNF784,-0.6935995900018992,1.2009244280665231e-09
CENPL,-0.694138381715169,1.0853308980817346e-05
LINC00649,-0.6942231697330739,0.0016666524005368
LINC01259,-0.6943669165860782,0.0048783710508669
GBP6,-0.6944551257774392,1.8911249770872958e-07
DCAF4,-0.6945505865099424,9.871107308251134e-07
TAF6L,-0.6948058213520159,3.541590567851304e-05
ACTR3,-0.6948403331358577,1.1675291940470709e-07
TMPO-AS1,-0.6949579923964944,0.00036953353318
LRRC20,-0.6949800617294977,7.736918779000548e-05
MFSD2A,-0.6953002555569672,0.0023094939667094
HELLPAR,-0.6954411140697359,1.1308311424754735e-09
MSH6,-0.6957239872445786,3.2396894911799875e-06
CAPZA2,-0.6959397928837863,1.914102117604363e-08
NAP1L3,-0.6959723326154756,0.0001306378308775
RPL13P8,-0.6960232753389566,1.507993951284427e-09
CTBP1-DT,-0.6960637766781672,0.0038111408019923
H2AZ2,-0.6960777103901536,9.011594763487457e-08
C19orf47,-0.6962870018400062,9.728021033041793e-14
TTL,-0.6964955007582931,2.016080886641292e-11
RASSF2,-0.6966053005760635,1.3033080021273511e-05
TMEM19,-0.696819781753387,3.7055954260146294e-08
PFN1,-0.6972767811667282,5.77632610049159e-10
DGKZ,-0.6981684040844778,4.959254557248525e-07
CDK2,-0.698221377056818,0.001560084979224
STK10,-0.6992447572130516,9.727968108935193e-06
PTGER2,-0.7000973800342791,0.0027780848812586
RRP7A,-0.7001450314317008,3.49399822483103e-06
PPP2CB,-0.7003216448726821,2.2129028946515798e-11
PSMD1,-0.700326450473562,3.6268569935967844e-08
RANBP1,-0.7003840904571348,1.0731962765493342e-05
HERC6,-0.701139265520843,0.0558667515380049
TCTA,-0.7013941488843898,0.0109491993528139
ARHGAP31,-0.7015042633237818,0.1355665757005808
BTBD7,-0.7017972450616092,1.0022447665052016e-11
EXOC6B,-0.7018310649800181,5.631721954320335e-05
CYB5R4,-0.7018463139893836,8.38105999223151e-08
GIMAP7,-0.701908007244012,0.0273873034994044
DTX3,-0.7019428732136448,0.0022383532005176
SLC2A1,-0.7022561460717647,3.4299826894694333e-08
PXMP2,-0.7026277467660932,7.200236061318623e-08
DSTN,-0.702947038449306,1.3710555256781008e-11
WDR90,-0.703079042463381,9.947597099004146e-05
ATP1B3,-0.7031538986343167,4.088580005817551e-11
FUT4,-0.7039230264804721,7.985006343810787e-10
ICE2,-0.7047253277443231,5.98759843024276e-10
RELB,-0.7049454343406696,8.760682304595011e-09
GJC1,-0.70502993025226,0.0082173767204721
ATP6V0E2,-0.7050647268084358,7.948659949456806e-08
PSMA3-AS1,-0.7050880390375305,0.0055348575819626
SLC47A1,-0.7051087407887935,1.0134598062085396e-05
MIR181A1HG,-0.7054908472591133,3.4598275896848475e-05
TMEM147,-0.7058134792747914,1.401206286871447e-12
CKAP4,-0.7058744868377635,0.1396440613704224
IRF1,-0.7062479133454289,6.26262765003671e-08
RHOH,-0.7067213500485154,3.865585045445992e-08
DNAJB12,-0.7067499830758326,5.719514722150642e-06
CYB561D2,-0.7069923119856125,3.4761083310468933e-07
GNB5,-0.7074561901479619,8.46630589750301e-07
LINC02977,-0.7075585624552829,0.0003711041953842
ENSG00000225205,-0.7082052811353559,2.464375657122642e-09
APOL6,-0.7082766092822217,6.369935583153997e-09
AMN1,-0.7086759465809769,1.1503237926157572e-08
ENSG00000272529,-0.7087482835802721,4.1864995981288715e-08
ZNF37BP,-0.708776415214369,0.0856143002545387
ADRM1,-0.7091084684442075,2.286274581817868e-11
FKBP4,-0.7091299269382478,8.848337239311619e-07
CYCS,-0.7094842856679877,1.1975564578214082e-06
SNTB1-AS1,-0.7099031260331199,0.00025144042009
LINC01891,-0.7101108925308397,0.001938189520177
GNB4,-0.7107038735281144,0.0014654897239654
ENSG00000273189,-0.7108091902825739,9.212214670588556e-07
MRPL27,-0.7109199315926764,5.627710631746101e-12
B3GALT6,-0.7110573826932853,3.13621601299014e-06
USP46-DT,-0.7111141181656705,0.0048514097804342
PACSIN2,-0.7111900195985399,6.054394952066258e-08
BAIAP2-DT,-0.7112874161992742,0.0004630043936978
TMEM273,-0.7122569912423034,0.0121811904856134
SRSF7,-0.7127997641224404,4.821828736758736e-07
OGFRL1,-0.7128001164054574,0.0003460696578645
TMEM185B,-0.7131444170283254,2.8768112242937084e-06
EWSR1,-0.7135996348447637,7.194449914781663e-09
PCYT2,-0.7144240265538748,1.5937595278783082e-11
CHCHD3,-0.7145026683060651,1.2722108820166572e-08
ZNF185,-0.7146385986279062,2.7187320074280736e-10
ENSG00000260274,-0.7159216316603702,6.797814246698197e-05
PDE3B,-0.7162361853480892,0.0193611580118864
TMEM9,-0.7166260817730667,0.0002038643565962
KIF4A,-0.7167592226005794,0.0050668005624932
ZNF669,-0.7172635944404071,2.494923656644432e-05
NUP155,-0.7173277304807097,2.399592297829339e-07
RPF1,-0.7174256551603557,3.6039655678413635e-15
MHENCR,-0.7176847023278659,0.0118987159681139
PSMB6,-0.7181731540676681,2.5705173122144003e-10
TMA7B,-0.7182067879110878,0.0001342021971182
B4GALT2,-0.7183044606038913,6.173557885054106e-08
UBXN2A,-0.7186336933366597,9.152129721378725e-10
TSPAN14,-0.7188638540106176,4.4037732675726923e-07
ATXN10,-0.7191448005328551,5.977144907267081e-11
DCTN1,-0.7194028299708828,6.048307874956353e-07
PSMG4,-0.7194413391049999,2.191611390144672e-07
CORO1A,-0.7197045321023019,2.2859718310971367e-06
PHLDA3,-0.7197400341688587,5.408537224255886e-05
PPP1R15A,-0.7199349347543285,0.0034845206804425
SUV39H2,-0.7199692374268509,4.008385353209881e-05
HCFC1,-0.7204707392928684,2.2429026313156607e-09
LTV1,-0.7205841110949618,5.130473387547137e-13
EBP,-0.7207840090121298,5.884503357779952e-05
DCLRE1B,-0.720983326146245,0.0001889680283527
PRKX,-0.7213435746476842,0.0080174463301811
CCDC167,-0.7217903733128601,2.862768532210502e-07
ADAMTS1,-0.7220226252977873,0.0135381679491263
SNHG17,-0.722345839850767,1.531098773811525e-07
CDCA3,-0.7223856456947022,0.0015962431098864
SRSF10,-0.7224586586221857,5.7960803638539145e-15
SH3GLB2,-0.7229316884784627,7.45398843015911e-05
RPS6KA4,-0.723134238454846,1.544704264621947e-08
FAM83D,-0.7241442038245767,0.0001536993137244
LRRC59,-0.7244610142815446,3.307329227138306e-06
SCAMP4,-0.7244984763138271,0.0002700530064215
ZFX,-0.7253684124557953,3.887564307560761e-05
SLC25A22,-0.725439640469661,2.038034230024395e-12
ERP27,-0.7256175721437561,7.102989761207108e-09
ATP11A,-0.7257671884821546,7.285505913502367e-08
STK3,-0.725790734676955,6.463594345621927e-06
DNAJC30,-0.7260169094370363,0.0026209350922647
DNPH1,-0.72618047017765,3.144161910556368e-07
MCAT,-0.7273039644176285,2.5702108998406496e-11
TMEM160,-0.7274582702157337,2.567356417126243e-12
CHORDC1,-0.7275055815169011,1.0961841779104997e-16
API5,-0.7278234157604855,1.9011151555609378e-15
SLC16A7,-0.7281544386407255,1.093370295537561e-06
ENSG00000260257,-0.7286434187922397,1.3609064660664593e-07
PLSCR1,-0.7286684857589334,0.0022107200963647
AXIN1,-0.7289120509862608,0.0001045631435248
BIRC5,-0.7289800127709727,0.0101097897024472
LRRC37A9P,-0.729096234512751,3.229199076716868e-07
ERCC6L2,-0.729111350653108,1.9822000080180014e-06
CENPB,-0.729178061683724,1.7299189146525807e-07
RABL3,-0.7292683109567983,2.7289057796448343e-10
PSMG3-AS1,-0.7295488675346595,0.0492552298705793
PTRH1,-0.7295977493888173,2.3305402591006587e-09
NDC80,-0.7297995847957637,0.0001841047174924
CD320,-0.729804560452866,1.1941340409611925e-08
KCNH2,-0.7306105415644774,0.0126560975219498
LINC02012,-0.7310232639865467,1.492721681172303e-07
GLG1,-0.7311547218762531,2.0088651481598688e-10
XXYLT1,-0.731655864336608,2.3910707224636004e-05
ADAMTS17,-0.7317126986048359,0.0004692196725339
NRADDP,-0.7321347346394301,6.319291358691299e-05
RBM47,-0.7332519428029316,0.0090752257861337
MFSD13A,-0.7333922602127974,1.2728157226622597e-06
NCDN,-0.7350765338976926,8.496654048092332e-05
AIMP2,-0.7354743132095303,4.4798347210508956e-14
P2RX4,-0.7357590983145199,0.0001633483060719
VTI1A,-0.735969207078357,2.80454451269861e-09
ENTPD1-AS1,-0.7362517590589861,4.898522202908289e-13
IL15,-0.7365328128863662,4.163797826305314e-08
LINC02731,-0.736567130236704,4.838341917895767e-06
CCL28,-0.7366166839709152,0.0003301991936121
CR1,-0.737073733716749,0.0567313028272921
ST6GAL1,-0.7373222357969018,0.0008869826410749
SEC22B4P,-0.7373574816689632,0.0307477328710893
TRAK2,-0.7374714156448521,8.515094107641887e-05
HCN2,-0.7375027759611839,0.0035194295266477
ZNF594,-0.7380236725971823,0.0028511302410672
ATP8A2,-0.7383646767815344,0.0010058661760426
ATXN7L2,-0.738687470063963,1.2981321618196356e-10
ZNF628,-0.7387241137750853,1.6211525224268442e-07
PLCL1,-0.7387486777264864,0.1118773549384297
ENSG00000276853,-0.7390406690677974,3.333136076051058e-07
TPST2,-0.7396974201636439,0.0902299396503422
RET,-0.7399378267940795,2.4374128869684468e-06
LINS1,-0.7405335545131502,4.648727553814606e-06
NUDCD1,-0.740730020565417,1.4075625962817434e-06
LINC00511,-0.7413093587382776,0.0287904586002323
LINC02361,-0.7420535243369075,0.0023094939667094
CFAP44,-0.7423161434420122,0.0076301948187296
ENSG00000270062,-0.7428739992120228,0.0015344714779378
U2AF1,-0.7434992784218961,0.1894048330950627
SNRPB,-0.7444660089528936,2.4360611734293663e-08
PLEKHF2,-0.7454227600919054,7.61874470258207e-09
GABPB2,-0.7458231555800428,4.007274289837293e-07
KLF11,-0.7458791896526042,2.168464869942868e-06
PTBP1,-0.7462582026791429,9.535362596070492e-09
ZNF559,-0.7463861213762724,6.463799316818476e-05
ENSG00000224950,-0.7464534530630222,0.0108772107994974
HMGB1,-0.7466018668969205,1.507568694348112e-07
CCNA2,-0.7466477762088566,0.0056429177206406
TNFSF10,-0.746767555976068,0.0012214879748302
CCR4,-0.7472534956971977,0.1565216723228145
PEG13,-0.7473856790038886,0.0003139349012286
TWNK,-0.747982086322533,9.085214408775171e-10
TXNL4A,-0.7482898706713597,1.922822776485628e-09
C10orf143,-0.7486596873090561,7.90060776269839e-06
NUDT3,-0.7489794557342755,0.0001794283158127
STIL,-0.7491570979565658,0.0010658039188724
WDR5,-0.7493385292754011,1.5823264457103278e-13
CITED4,-0.7493884555254422,6.725836110725103e-05
NIPSNAP3A,-0.7495537171789564,1.1312338793520862e-06
ITPR3,-0.7498368111516651,4.1949059664794626e-12
PIGA,-0.750491895358516,1.5319816176374875e-09
KLF9,-0.7506315152015945,0.0001443702401375
TUBAP2,-0.7507790136202611,5.5687303593083035e-08
GINS1,-0.7508956884232161,0.0026699569864193
RNASEH2C,-0.751726785811397,1.7303468634794288e-07
DTYMK,-0.7519183917406842,0.0014373499233407
SLC35B4,-0.7520035482096379,3.974195116873917e-06
NEFH,-0.7521702250247833,1.2793167341656822e-05
TGFBR1,-0.7526388731708984,8.945167606423733e-05
KANK1,-0.7527026050592927,0.000359317090758
CTSV,-0.7527576909372788,1.3305683013094384e-05
RFX2,-0.7532609675883584,6.86105364512637e-06
TAF5L,-0.753542715777316,4.970504160787383e-10
ASCL2,-0.7535545226111922,0.000288668362129
SLBP,-0.7535797062566099,2.4902519995563727e-09
ZC3H7B,-0.7541415988868607,8.49815264149791e-08
PPFIBP2,-0.7541537782884884,0.0349865358876203
FIRRM,-0.7550669800326091,2.259283619802439e-05
WDR12,-0.7553729839488383,7.4061729835683e-15
ACOT2,-0.7554435822034393,0.0016530429588246
MCUR1,-0.7555590528876523,3.667412100702427e-17
GOLGA6L9,-0.7560397069787013,0.0010349993729388
TRPV2,-0.7562514656731603,8.327337934444442e-07
TNFAIP8,-0.7564321218845746,1.2418210731166275e-09
LINC00869,-0.7574611561456419,0.0006294473364208
ITPR2,-0.7581846409796835,2.2887076166068173e-05
OGFRP1,-0.7583540493254222,1.3166367092524886e-05
BRCC3,-0.7583709654774111,0.000246481101852
CD55,-0.7600667148022087,0.0071217055794138
WFS1,-0.760160597715406,5.125237407588152e-10
HSPE1,-0.7604628382289871,6.2411965668460635e-09
PROCR,-0.7613266011890446,0.0009971279370414
SPRY4,-0.7619298520825832,0.0044335048080103
DNPEP,-0.7624155375392041,6.628843555066438e-11
ANP32E,-0.7625030715443177,5.3025259627409096e-08
RABL6,-0.7625583221816967,1.2004223753354182e-22
RBM8A,-0.7625885082931649,2.7303659860199665e-15
PEMT,-0.7626478869090869,1.4328956737100562e-10
TOGARAM2,-0.762828829674328,0.0344735895549432
TMEM237,-0.7630613976542358,5.126416093356763e-05
MTA1-DT,-0.7631367675371521,6.619936201701272e-08
EZH2,-0.7633136572931845,1.2962213137498247e-09
MICOS10,-0.7634228946377963,0.0003940641477646
ENSG00000278133,-0.763586360250736,1.3597231887387088e-05
ZBTB46-AS2,-0.7637511091287802,2.1719825341554698e-07
SH2B3,-0.7638136088188183,0.0026785954881446
DUSP23,-0.7651879516258013,0.0001511868384043
PSMB2,-0.7654584204296908,2.1731600761157372e-10
TIAM1-AS1,-0.7657249804560238,0.0001032501968855
POLR1A,-0.7660350529633257,7.93665005834639e-10
LRP8,-0.766053712033882,0.0001605215405482
RFK,-0.7664732949088213,2.188472123631439e-09
SUSD2,-0.7672628854133565,7.705128906526191e-08
NUDC,-0.7673570635586557,9.152129721378725e-10
PTPRN2,-0.767685405019944,0.0001459690464097
SVBP,-0.7678491685498572,1.912768264874334e-06
TNFAIP8L2,-0.7679127837563384,0.0152687942847631
ZNF891,-0.7680833495375112,0.0004348182576487
DNAJC15,-0.7680862918378955,0.0004768724970862
TMEM18,-0.7688916746683176,2.7987476373173965e-12
RBM23,-0.7689293814350568,5.350232284683562e-08
NFIC,-0.7693993008462785,3.039574185201391e-07
SGO1-AS1,-0.7701081159345884,2.2944484236449137e-08
NDUFAF8,-0.7701630731698685,1.5000566459396905e-14
DISP3,-0.7702922375473019,1.660722014139944e-05
CD2AP,-0.7703137399483149,6.85789426534468e-09
LINC02648,-0.7703762465365738,0.0005783857229885
IRX5,-0.7710953209595116,0.0083334967062194
TEX48,-0.7711482190549461,5.502894852772731e-06
CCT3,-0.7712400315457666,1.7281175853370566e-18
TMPPE,-0.7714097102145836,5.261966617261338e-08
LYRM2,-0.7716858843010508,5.627823424226733e-07
ELAC1,-0.7718022074692952,0.0012589644173734
PRPF19,-0.772145889820564,2.4562552446105704e-14
ELP6,-0.7722281694894155,3.121973237217168e-09
NOLC1,-0.7727064244646051,7.196345960149862e-13
ENSG00000259834,-0.7730548028144533,6.052406370614363e-05
HEATR3,-0.7733852844896933,4.0169605668829725e-11
CFP,-0.7735564527042934,0.0003617724627544
USP6NL,-0.7742613912303014,4.65361252175047e-08
TMEM80,-0.7747262606112879,0.0011866109031391
EPC1,-0.7749800532818627,2.009794334601342e-06
LRFN2,-0.7750173848294318,0.0101974385789856
PI4KA,-0.7751727104097688,4.882354903559706e-07
CSE1L,-0.775724041305434,9.06095668415578e-07
RAD51C,-0.7759754752299517,1.1491204153649898e-08
CD83,-0.7765306591778041,0.0003575743823825
ATP5PB,-0.7768726403606792,1.3574505216497398e-11
EIF2AK2,-0.7769714769407301,0.0053668086529164
SMARCB1,-0.7770813163118424,1.377690994698659e-13
SAMD3,-0.7773019475304119,0.0099754504251067
TRIM44,-0.7776499068906411,3.2550762187021855e-06
DMXL2,-0.7779340651080671,9.742876028771752e-05
ANLN,-0.7781414054696638,0.0087181311400603
FEM1A,-0.7792108827959323,5.6879585719360425e-11
ARHGAP11A,-0.7792333562821252,0.0003622117481384
MAGEE1,-0.7797515361525527,1.9415167509200804e-08
SPC24,-0.7801939872130639,0.0006929260114327
FARSB,-0.7811570197179609,1.7162681698182078e-06
TAPBPL,-0.781270440661288,0.0012924747181338
DUSP14,-0.7812738641086687,1.1616071094754592e-05
CYP20A1,-0.7812961252100568,1.7577735401783434e-07
CLTB,-0.7814061249407578,1.5441734150935066e-09
KIFC1,-0.7814468223300644,0.0017611838992283
RNF166,-0.7817622616965529,4.747412643932365e-06
HSP90AA2P,-0.7819940033910329,2.540013518561734e-10
CRYBG3,-0.782128157759816,1.3812121870719865e-05
LINC02964,-0.782363792041773,0.0091795017984548
PPP3CA,-0.782448387292014,0.000476530274422
ENSG00000226423,-0.7829191082519334,0.0051146310155981
CNTF,-0.7829551079462599,3.9450127229158295e-08
USP11,-0.7832766017533945,0.0186352688969752
SFPQ,-0.7834213598896209,1.617420560473152e-13
USP30-AS1,-0.7835661317783704,2.3900039937790352e-06
ATL1,-0.7837912274199073,1.6839400681778493e-05
GBP4,-0.783928216717154,3.431399289466726e-09
RASSF8,-0.7842172452646374,0.1533138999940413
LINC01979,-0.784616566236323,0.0041450075575658
ANXA2R,-0.7846557728175667,7.735257707072971e-06
ITFG2,-0.7846807272721845,2.058324037352307e-05
GBP1P1,-0.7853935105573218,3.394874425195065e-06
DNTTIP2,-0.7865018926710814,8.226230711172769e-11
PHF2,-0.7869521728084719,3.16760586010039e-08
ENSG00000269688,-0.787221203362658,4.192204103817285e-07
MCMBP,-0.7879105802479565,1.0870072924008426e-06
R3HCC1,-0.7881399306343173,8.428848798076694e-06
SACS,-0.7882847320152333,5.601251954623917e-09
MATCAP2,-0.7887811450450068,7.474113038937103e-05
WAC-AS1,-0.7889511052002733,0.016076768633414
UQCC2,-0.7889566592821322,1.000035074369571e-13
TPGS1,-0.7891678896736538,0.0017362484864112
GCFC2,-0.7892603825798536,2.1991964330216087e-08
PAK1IP1,-0.7893803581108303,5.52510573793428e-10
CFL1,-0.7905135337306781,2.38210399996057e-10
RIPK3,-0.790551577961732,0.0056475855715864
MRPL54,-0.790768191677218,6.816451998344847e-06
STK38,-0.7908336173258199,0.001501653919819
MAPKAPK3,-0.7911443739425419,1.3912581895150941e-08
MKI67,-0.7912043300718814,0.0044613705000467
PSMA7,-0.7914290108789759,7.396566885347709e-10
C3orf62,-0.7916401998510803,9.904345241915788e-05
USP18,-0.7918111901320102,0.000871233800748
DHODH,-0.7918783820700082,2.97616267516838e-11
CARMIL1,-0.7919195591828003,0.0319746014831259
TMEM204,-0.7919294182876699,0.0005202163187335
SDAD1,-0.7920671448246548,9.044659359558908e-13
DGCR11,-0.7922879072641372,2.4811890315771863e-08
MIRLET7IHG,-0.7923177439974476,2.9222600267485304e-05
NOL12,-0.7928134565819129,4.6219275301351056e-10
ANXA2P2,-0.7930277726195116,3.009128641316869e-09
PDF,-0.7932491058794278,1.8681853248070719e-10
ANXA5,-0.7933506194845821,7.746436262980103e-09
NEK6,-0.7934976256726132,0.0317852964856401
NUDT1,-0.7935699004106151,5.92631237732202e-06
CTDSP1,-0.793646739257019,0.000446178520276
USP5,-0.7937151407055865,6.366473512987107e-23
PUF60,-0.7938855446764546,1.3886981495871966e-13
TC2N,-0.7944803734870414,0.0568207308805611
FLVCR2,-0.7950244635801587,3.6478654008572605e-05
CRELD2,-0.7950612945702273,7.5106247918711e-08
ENSG00000263731,-0.7952189819369504,1.2981368188913283e-09
POLR2L,-0.7953922341661004,4.0724172164764595e-11
NCAPG,-0.7954471149763283,0.0003943417956809
TAMALIN,-0.7958105572453797,0.0064766350301728
MON1A,-0.7958592381762597,6.615743924559819e-13
RRN3P3,-0.7958885165298444,0.0014806768122649
SAE1,-0.7960873456350548,6.954670881615565e-09
ENSG00000259652,-0.7969200524167702,0.0415592452464536
PNPT1,-0.7971012472579524,1.0765660180204048e-14
TIGD1,-0.7977237330472122,7.646250099567e-08
ACTBP2,-0.7982232116509944,4.218348618126876e-06
GPR3,-0.7985947118979073,1.2998943991699464e-05
AP1B1,-0.7990065152779673,8.092930164338893e-12
FAM13B,-0.7998198002356034,1.828518501246096e-06
NCBP1,-0.7998642513052676,8.372767276673806e-13
TENT5C,-0.7999042828550191,2.6057448508208316e-11
JRK,-0.7999755494318936,0.0001481594292601
CREBBP,-0.8000861761846023,9.871303160749231e-06
CENPN,-0.8001944455145473,8.067864286084256e-05
BCL9,-0.8006647578605328,3.097636817587641e-06
KIDINS220,-0.8013208794150417,1.2505552770127769e-06
UBE2L3,-0.8013914697482205,5.97477199152191e-13
EID2,-0.8024382896024753,3.5319319781252396e-10
ATG9B,-0.8028384668065836,0.0034243851199626
GCNT4,-0.8028502779118395,2.599128549068936e-05
COQ7,-0.8039678797601271,6.2882587529827936e-06
DDX21,-0.8042974339672337,3.4627387906112908e-12
NCL,-0.804760869808737,9.133803035592613e-13
ENSG00000269918,-0.8048214875807378,0.0003485938863867
ZNF236-DT,-0.8048696311176893,8.048604896375483e-05
ENSG00000270240,-0.80497338990529,5.792258565198317e-07
CHML,-0.8058686255557306,4.028556142505404e-09
MOCS2,-0.8060218060434794,2.0309791400043493e-12
CASKIN2,-0.8060521512746752,0.0001269440495223
ENO1,-0.8062918160992609,2.9532295815677104e-07
PRKAR2B,-0.8063800274807731,1.049233940055978e-05
STIP1,-0.8069188662776856,1.2215602565312446e-07
NOP56,-0.8069708602865138,5.853925864755392e-14
ZC3H4,-0.8071768538830684,1.2806697897150738e-06
FAM83H,-0.8072572516211864,0.0183949514838782
PODXL2,-0.8074580951182545,0.0019777695976037
CMBL,-0.8077292590131646,1.5193895993998271e-05
ERC1,-0.8080026152959738,3.082862202737326e-05
TPM3,-0.8088006604417508,5.243885472130086e-10
CCDC191,-0.8088822624058516,0.0023193134007211
PLEKHH3,-0.8098980711460559,0.0421111605327486
CDCA5,-0.8099666691607528,0.0130702118771604
INKA2,-0.8102809850725023,3.911984325720043e-08
ITGB7,-0.8103652528157479,1.0398809671457192e-08
ZNF641,-0.8108895258384807,0.0029958307740512
ANXA2R-AS1,-0.8109087644008106,0.043006837533938
ACOT4,-0.8122273838226397,0.0001042500217589
HNRNPR,-0.8122962544242096,1.3593817451335276e-11
SLC12A2,-0.8123551800413003,5.939885729347281e-12
SEPTIN8,-0.8123784033406736,7.392863094687634e-05
COMMD4,-0.8127639015725485,1.5881310177723863e-06
ENSG00000276136,-0.8129407843642377,7.049021466830828e-06
SIVA1,-0.813077040296025,2.1138004165293935e-15
ASAP1,-0.8132686480994655,0.0003536188171575
CCDC152,-0.8135240152116836,0.0022454018828447
NUP188,-0.8137846008667751,1.386915991922773e-13
PTGES3P1,-0.8142074666271344,4.742964415847296e-07
DPP4-DT,-0.8142636923747382,0.0001333449395302
IFI35,-0.8145271950821389,0.001839163452615
ZNF789,-0.8145509778140778,2.5824499860483533e-08
AHSA1,-0.8145514769883668,5.2052121577589594e-15
CENPI,-0.8155376808032742,0.0002649910698591
ENSG00000261061,-0.8155496569652332,1.8754899027555076e-05
CHMP6,-0.8159338068525868,2.564458824273156e-05
CYP1B1-AS1,-0.8162989555744868,0.0001994903860271
ZNF593,-0.8169664898736033,2.848634762640842e-10
MAGOHB,-0.8173751470708015,2.964870105657456e-05
PCNT,-0.8175401784561434,1.5120360768733203e-11
BID,-0.8175850913511815,1.2041045172741904e-05
COMMD9,-0.8178598663349161,1.1633447978297016e-05
ENSG00000286389,-0.8179353762771314,2.617454235066658e-06
UGCG,-0.8183527568643854,1.450767232731767e-10
WWOX,-0.8184792702352022,2.158872494384806e-07
TXNDC9,-0.8185103897102568,2.4944534087126904e-08
ABHD11,-0.8185596779302444,4.888860238020575e-09
ARAF,-0.8188751075183465,1.961778277784172e-08
LGALS3BP,-0.8195737962723806,0.0109191925883968
ENSG00000280239,-0.8195770046555948,2.246770453010443e-09
SYNE3,-0.8200053579462958,5.743886911200786e-09
RAD18,-0.8201902206817273,6.333331829782578e-09
PRMT1,-0.8202338159502531,2.4375189153712044e-13
SNAI3,-0.8207323882863231,1.0526752474867784e-05
CYFIP2,-0.8207915190695374,4.247474213738085e-09
ZNF66,-0.8213698117793136,2.124502852220395e-06
DLEC1,-0.8216128965672485,0.0186502692599487
LRRC45,-0.8219474823122344,9.372191448668835e-10
TFRC,-0.8221776547706989,1.0242612410398139e-09
SHISA2,-0.8227718430420673,6.113133698992573e-06
RAB5C,-0.8228193908445665,1.494722460576546e-09
SMC1A,-0.8229265535790953,0.0001676040104215
NIP7,-0.8231840867416533,3.1474786923990876e-15
CHST10,-0.8233582365306016,0.0019648927330881
POMK,-0.8234837121212291,2.9046501436359885e-14
IMPA2,-0.8235666422321013,5.253246797296765e-06
RRM1,-0.8237316113571156,5.631148908278589e-05
ORAI1,-0.823920184551949,1.9787128545184505e-07
RGS14,-0.8243272540463638,6.467198835393792e-05
SETD6,-0.8246137429749485,6.195668805002746e-06
PLAC8,-0.8256082944423722,2.325543279242709e-05
NME4,-0.8259932311111806,0.0225950434447983
ERMAP,-0.8263576239623562,0.0015762086045676
CD69,-0.8266060474275685,0.0097975723283865
RHEBL1,-0.8266516478454671,0.0013306996162046
CNPY2-AS1,-0.8266862941973057,6.487392420824299e-07
TGFB3,-0.8272499956786115,1.5667790942046086e-07
ZNF678,-0.8275060837064474,2.353333472576438e-12
UPP1,-0.8289412880168419,0.0002539078896157
PLLP,-0.8290986875697993,0.0257888753090441
NSMCE4A,-0.8293751406584082,3.619064553540183e-17
ENSG00000271964,-0.8298409935163922,4.914782644374608e-06
MCRS1,-0.8299788641990258,1.6169040612713154e-09
ACTN4,-0.8301084307654474,2.8933780523577114e-07
LOXL1,-0.8307116820099121,0.0002359296942769
BICC1,-0.8312243252916476,0.003097025381449
PRKDC,-0.8312435149885031,3.1444684980987714e-08
CYP2U1,-0.8312873595791443,2.0710740757942787e-09
TUBA4A,-0.831912934233638,4.438818801802695e-05
MELK,-0.832939182174087,0.0005153551504013
CDCA4,-0.8333642753639907,7.637700158276251e-07
ENSG00000269825,-0.8337701940034291,1.1656125345172446e-08
TPM4,-0.8343279585919969,7.386138090729285e-06
TES,-0.8350466270697057,1.9898552421207446e-05
RPUSD1,-0.8352621645928666,2.5746605919813005e-08
TUBGCP5,-0.8353278201208076,7.4061729835683e-15
ARF3,-0.8355216189276646,3.079148959458767e-05
LETM1,-0.8355943965766945,6.248952081324e-10
TRARG1,-0.8362999106244231,0.000571080198041
RGS12,-0.8363044650618443,0.0032515169936232
DNAJA1,-0.8366193613569202,1.647093991736053e-14
MCM6,-0.8366381670095198,2.500213865733061e-05
ENSG00000288156,-0.8366389364545905,0.1045439284434605
VANGL1,-0.8368485002119446,1.6845472066537357e-10
LACC1,-0.837240515309073,0.003706083372316
HIRIP3,-0.8373179904166994,7.932342383354435e-06
SEH1L,-0.8373980478564005,3.837762460803421e-12
SLC7A1,-0.8375385835180653,0.0007910593259333
ZNF414,-0.8386005599434947,4.559572532120104e-08
RBM14,-0.8390080923194025,2.649665582173384e-11
TTC27,-0.8390088724155484,5.320448472601418e-10
TAGAP,-0.8391669446491088,0.0002822174780896
H3-3A,-0.8397824841473973,2.2161738260786383e-06
PODXL,-0.8398482133158566,1.8001523804398135e-11
CHKB-DT,-0.8404006468147489,3.204216818698652e-07
DNMT1,-0.8418343804755688,1.0326209439723233e-08
FAM184A,-0.842584672524,5.975234874114671e-07
SMIM35,-0.8428882176464914,0.0400745793500652
ILDR2,-0.843352133327135,7.484445275815913e-08
XRCC3,-0.843992964266489,1.667409972518365e-05
THBS4-AS1,-0.84421763301751,0.00045174526205
C2CD3,-0.844343231274836,4.374734585210166e-08
EPB41L3,-0.844584814345105,0.1653267973404564
THEM6,-0.8448921598415398,2.319413632693592e-15
CCL4L2,-0.8449029221459117,0.1435660745139037
ITSN1,-0.8452350953937271,6.229205815786134e-09
VPS35L,-0.8452964934583216,3.0011026252952647e-06
PKNOX1,-0.8455884789288621,3.314407325936568e-09
SHLD3,-0.8459289069160099,1.207853629087749e-10
ARHGEF19,-0.8459743040764107,3.225252873339133e-07
ATAD3A,-0.8460749196014357,8.607183430118342e-08
ADCY7,-0.8468081709283801,4.357104809474294e-06
KDSR,-0.8474444053084005,4.033279489006583e-06
BTBD6,-0.848256127916029,1.4315405315582723e-10
IL27RA,-0.8483979240092214,1.1158145343081918e-06
POP5,-0.8484471793529194,9.7245971646153e-15
NIBAN1,-0.8484683903817203,0.0003560678312591
PUS7,-0.8485092115564963,2.9661488519733226e-08
NCLN,-0.8487705925252751,2.4607898728374064e-15
TBXA2R,-0.8490564948029438,0.0007274228410578
PPP2R1B,-0.8493070101331375,1.696554306327995e-07
SLC20A1,-0.8494095393939576,6.408509605054662e-08
PRKCD,-0.8497351773209472,4.026741157746948e-05
PARD3B,-0.8504595188155827,0.000715697664404
POGLUT3,-0.8504716383224027,1.0466544995626851e-06
ZNF551,-0.8505635165962429,3.974627359284562e-12
SF3B4,-0.850613932554733,5.4509385109584104e-15
PDCL3,-0.8510175182419744,2.991553780722039e-15
ANXA2R-OT1,-0.8510632182624667,4.587598109867563e-05
C4orf50,-0.8514844381712021,3.853118033244005e-06
ARHGDIA,-0.8516802073203422,8.97520508739725e-12
MAGOH,-0.8518718918943176,8.095253694354982e-14
CCNE1,-0.8521316771880971,6.237377750616952e-06
ENSG00000270977,-0.8521420964906701,2.2365214260370836e-06
SELENOI,-0.8522313480245787,6.261498892034402e-08
MRTFB,-0.8522992168457888,4.1579927357095936e-05
SLC7A5,-0.8523143155426443,0.0150167696142611
RAVER2,-0.8529008890525884,2.0553802097771577e-06
GNG2,-0.8531559277062417,9.014268985334836e-07
MYO5C,-0.8538451265827622,8.335723950701388e-09
NDUFAF4,-0.8541721161104503,3.230140419281384e-15
ABCF2,-0.8549543843271521,4.5518328252392515e-14
IBA57,-0.8554308458374309,3.649569740961979e-07
IL4R,-0.8557529069242387,4.023378595250452e-05
GVINP1,-0.8558991532920661,0.0132382829457207
L3MBTL3,-0.8565900813666016,2.10383268392076e-07
KRBA1,-0.8567547494406549,2.266677445303242e-06
PLEKHG2,-0.857205038918802,0.0087591310022257
DUS4L-BCAP29,-0.8572176669206322,5.0580832485313236e-06
ATP6V0D1,-0.8572836513221418,3.322503126052376e-07
DHX37,-0.8574229791564392,5.888271887412696e-15
MAL-AS1,-0.8574611204575207,3.6726862645355078e-09
MTMR6,-0.8581226322257223,1.4203295918834997e-12
ZDHHC16,-0.8581456653008539,4.0409142852650966e-08
SPATS2L,-0.8582255791236006,8.419281223628225e-09
ZNF37A,-0.8590028110801171,0.0005761435951093
SH3PXD2A,-0.8595212478113341,9.019715811910406e-07
TMEM30B,-0.8599207013193657,5.661146623408915e-07
RNF144A,-0.8600504286764359,2.4966623069230253e-08
PDZD4,-0.8603344326748043,0.0006082897239356
GLB1L2,-0.8604072019218094,2.685118744837645e-09
STOM,-0.8604220629206907,0.0003571093823688
CEP55,-0.8614626354467303,0.0002591284214583
SHMT1,-0.8614702774403611,3.2743505484017316e-05
THOP1,-0.861595508984558,8.837815750249128e-10
ZDHHC2,-0.8616176211751929,2.3155515942863314e-07
RIGI,-0.862438088161162,0.0073937057087467
OIP5,-0.8625453391594706,0.0002832984492168
PA2G4,-0.8625870954674557,1.8052669029110346e-09
FAM161A,-0.8626213159109966,3.9390938330005896e-12
EPB41L2,-0.8626852266126761,0.0023096807078302
ARHGEF5,-0.8631393761041135,7.04739700459799e-05
DDIAS,-0.8633179944540066,0.0005322810050687
PMVK,-0.8643049835716345,5.853925864755392e-14
ASF1B,-0.8652446621725982,0.0006319940716454
NCAPH,-0.8658317133699791,8.295745119746178e-05
SYNJ2,-0.8658447365648403,0.0007705648817777
SLC25A24,-0.8672125501427939,1.2529796713733396e-05
KLHDC4,-0.867235857715162,5.459722568152879e-07
NBPF9,-0.8673327705722791,1.3065440068276234e-10
TMEM63A,-0.8679715740768561,0.0106803468391977
PPP4R1,-0.8680186610399465,6.217812670785427e-06
TSPYL5,-0.8680693112116158,1.343349979799601e-05
HPDL,-0.8688063329714873,2.3161270131622698e-08
PSMA3,-0.8692769604165989,1.050581804406333e-11
MYH9,-0.8698735897502647,2.0305853679733175e-10
NICOL1,-0.8700440634013691,9.060230204137316e-07
HNRNPD,-0.8701472108102122,5.540749868051505e-07
DARS1-AS1,-0.8709095240162463,0.0010011853494684
PLP2,-0.8713928375432225,0.0052756034322301
ADGRF3,-0.8720977829916727,1.108320756718368e-09
SLC12A9,-0.872920167699248,6.47340287637187e-05
ANKH,-0.8732698447441534,0.0014663425406222
LINC01871,-0.8733865524878812,0.00381334622211
PLCG1-AS1,-0.8741317499336965,0.0074280246746225
PSMG1,-0.8743266570609514,2.678056544880082e-16
SRRT,-0.8743831664804107,3.5766692450513594e-13
VAMP3,-0.8746145009284865,1.2414242961586424e-13
H3P6,-0.8746324758225485,0.0090878914839021
SNRPD1,-0.8752064362014558,5.6597698317574806e-11
IL12RB1,-0.8755269552925462,6.077221155302712e-05
MTCH2,-0.8755670011773518,9.697130538584648e-12
IFT22,-0.8755673938702797,7.371632880240134e-07
PIAS2,-0.8757990506518136,4.054091684995679e-07
PPIF,-0.8759257450297211,5.353166572477186e-09
KNL1,-0.8761742292845591,0.000368972917076
PAQR4,-0.876351346462724,3.610751443327583e-07
TUBA1B-AS1,-0.8765050377622918,1.981662008190045e-06
MYO1B,-0.8765834595078925,0.0013419274209307
ORC6,-0.8769720105354102,0.0017438918711358
CENPM,-0.8772256792229021,4.149778984873186e-05
IL12A,-0.8772292849922044,1.1569649427807112e-08
SMC2,-0.8773307420230516,6.621046512298957e-06
NET1,-0.877848151524721,6.579382709520393e-12
BRCA1,-0.8780379851920381,0.0001351165877491
PLK4,-0.87805183095087,2.6881236822549055e-05
STOX1,-0.8782145709290781,2.322146134857768e-05
EPB41L4A,-0.8788822992906895,1.0970935301101236e-09
EEF2KMT,-0.8789372937092983,2.5764835509788625e-08
IL10,-0.8791593912792124,0.000469888494786
OGFOD3,-0.8806614970258972,6.9980117780868996e-06
PICK1,-0.8807871824513818,0.0001897671963731
EMC10,-0.881059085268717,8.846661630716363e-06
IQCE,-0.8819155747282608,6.419518498195992e-07
GPR75,-0.8822042007367252,3.175538763415026e-05
ZNF280B,-0.8823957048596677,9.558080142400972e-12
ITGA10,-0.8826739852722576,6.50187263256022e-11
GPR68,-0.8832091138232094,0.0010443065684734
UBL3,-0.8833965946916917,1.2769762843276636e-06
RRP9,-0.8834535104384007,8.938052844216313e-11
RTEL1-TNFRSF6B,-0.8836237259362392,8.79389620815314e-05
DUT,-0.8850261877946384,5.538695184996103e-12
EPDR1,-0.8851497215979791,0.0238582416047954
EMB,-0.8853744323065582,2.0501422820176653e-05
ATAD2,-0.8859963873227992,0.0005871145452585
ZNF836,-0.8863594260853607,2.017911385180679e-05
PSMD14,-0.8867228040625577,1.348358722934662e-08
RNF125,-0.8869323466510117,1.3140158482605928e-06
CNP,-0.8870525373164684,5.77632610049159e-10
HCG18,-0.887127584041445,0.0004658583259841
ADCY9,-0.8871690297196357,4.9296257436776866e-08
ITPA,-0.8873661316710297,1.387785536293051e-05
ASCC3,-0.887600753766197,2.025453847262653e-15
WDR86-AS1,-0.8876312171825578,0.0019298862428206
GTF2IRD2B,-0.8877753340964829,0.0003761867217286
FBXO21,-0.8879951458618329,1.5000566459396905e-14
FN1,-0.8882399408822534,0.0013141162899459
DEPDC1B,-0.8883427969220232,2.0302145539026367e-05
PSME3,-0.8884853797994579,4.500049743410543e-11
SYNCRIP,-0.8888543296865645,2.3531161009463683e-10
TOR2A,-0.890127121785989,3.6010243011212954e-08
TUBG1,-0.8904522609633698,3.0652979529234956e-05
SIMC1P1,-0.8906793463018821,9.230950905625624e-05
SNX30,-0.8908767472151728,2.6722042180897802e-08
PFKP,-0.8908999993600482,2.471755988793781e-13
ZNF583,-0.8911805631813199,2.510632700658832e-05
ARHGEF35-AS1,-0.8913129782928861,0.0001231086520439
TP53BP2,-0.8913887058353573,6.170785604736012e-10
RBM45,-0.8917203309353563,8.232708322959883e-05
CCDC112,-0.8922254534392635,5.8449061393762826e-08
PCLAF,-0.8926515860467399,8.459476717302403e-07
MTMR1,-0.8933732958036318,3.5211993563517957e-06
MAPK1,-0.8935064262621637,1.2074338676568296e-07
NEK8,-0.8941273574936477,2.2673031091472036e-05
LIN9,-0.8943140871639241,1.0813146018711326e-08
MGAT5,-0.8943443754757618,0.0001680707974496
KRAS,-0.8947394720692738,1.791737207113005e-06
DELEC1,-0.8954098863656543,0.0016555584239932
ENSG00000269973,-0.8955814492167671,6.26262765003671e-08
LPCAT2,-0.8971723689421505,0.0744430664545789
CGAS,-0.8975477954292099,7.564810797024878e-11
TUBA1C,-0.8985338614550269,6.153509281007213e-07
RECQL4,-0.8987269977464978,0.000591876682819
ENSG00000259940,-0.8989562966427097,9.727968108935193e-06
IMPDH1,-0.8990337364169871,3.077771413587274e-08
HNRNPU,-0.8990794194061937,1.1089741696219993e-07
H2AX,-0.8997759722863821,4.7079109796650695e-05
POLD1,-0.8998825993378086,3.601103491272457e-07
GTSE1,-0.9000389764440673,8.38620803460427e-05
MBD3,-0.9007524557977592,1.7416770745839357e-12
CRIP2,-0.9023578267467062,0.0005106843311498
BEX2,-0.9028713304531432,0.0086973963855924
USP46,-0.9028984397476894,0.005835672829222
ALDH1B1,-0.9029125623372384,1.3633343853803534e-09
DMTN,-0.9037724470253856,3.662989286686474e-05
HSD17B10,-0.9047138003149876,9.240690601947608e-10
CACNA1D,-0.9047800099615126,0.001451377102615
EEPD1,-0.9049208321480292,0.0003112490288004
RBBP8,-0.9050598754220056,5.4173789187151925e-08
LPAR6,-0.9054247753642412,0.0002643221780209
IL4,-0.905552362524621,1.7466350678522935e-05
FLNA,-0.906493755796717,1.5498869084436694e-08
UTP4,-0.9071925978444392,6.161906219104618e-17
RAD51,-0.9083110371569588,0.0004038212901255
NEDD4,-0.9085349377697488,7.402365574927846e-07
MICAL3,-0.90889824115507,0.0004182355594028
PM20D2,-0.9094252888161178,0.000112421382155
SSBP3-AS1,-0.910109089217011,1.3180533975719676e-07
EPSTI1,-0.9102048902836568,0.0096625515352737
GSR,-0.910480001996536,0.0001176765315733
FBLN5,-0.9107001358959186,3.138966216528515e-05
TLNRD1,-0.910794699246499,4.7656482264143984e-08
STMN1,-0.912113126374833,1.1891159285356904e-05
PSMA2,-0.9124138906150916,2.2390006071610916e-11
CLIP1,-0.9128020822670208,6.725433696418467e-13
NUDT15,-0.913142866193844,1.822570828451609e-05
ZDHHC23,-0.91351208636422,2.19351490362236e-05
HNRNPA2B1,-0.9135934310955544,4.3004859280426103e-10
RFXAP,-0.9136424596738686,6.209334422035619e-09
LYAR,-0.9138129221735652,2.4494087153754723e-08
SORT1,-0.9138614965115224,0.0306989930578416
CFAP184,-0.914561500431686,7.421948241547324e-07
PKM,-0.914684411792514,1.801846824673292e-07
PMF1,-0.9161181876216458,1.3265211476154777e-15
FNDC10,-0.916338667192099,0.0075068538709218
ALG1,-0.917783862350185,9.598742599792247e-07
CHMP3,-0.9179494951595144,9.53238650131696e-05
SNRNP25,-0.9192668403929192,9.534540176442288e-07
DENND1A,-0.9206556017917767,7.830333340260589e-08
TSPAN15,-0.9212054358740668,0.014168858145427
RUVBL1,-0.9214256852724256,8.708988440699022e-14
MTG1,-0.9216566085669567,0.0002708398149886
TUBB,-0.9216842471623732,3.522713475109073e-06
ABHD3,-0.922217770328464,2.2741278887689037e-11
CARMIL2,-0.9225395820743882,5.13567429586805e-07
UBE2N,-0.9226392122452234,3.6571367309244306e-11
HLF,-0.9228663212728442,0.0002146505574387
GALNS,-0.9232256521667344,0.0001020616042299
CYB561A3,-0.9234552287543094,2.2137731868420393e-08
MICB,-0.9237125204428978,1.87359391568976e-05
TEDC1,-0.9258916602313882,3.343440840935999e-09
GABBR1,-0.9260178057349724,0.0233124728384457
PNMA3,-0.9263921188401149,0.0815143387428215
KIAA1143,-0.9267541929338624,1.3129481165234077e-07
DIS3L2,-0.9302385480179288,5.768415334186159e-07
PLEKHG5,-0.9302546977246542,9.308351848307356e-07
MIPEP,-0.930558273685704,1.03849718171081e-09
BATF3,-0.9307350982261604,0.0075918566126221
EIF5A,-0.9315522881941822,3.531052187493985e-14
ENSG00000287263,-0.9317113525274836,5.528971114735508e-05
MSC-AS1,-0.9323790729497105,0.0031393630396294
NHEJ1,-0.9325812389652528,1.198495301382086e-10
TPCN2,-0.9327152764996982,0.0002555376963704
DIAPH3,-0.9332387322348344,0.0002033218459283
CUX2,-0.9334325534888508,0.0020144259226051
C1orf216,-0.9343238749123496,0.0003664207380268
IGSF8,-0.9345735499699828,8.15742143587194e-08
ENSG00000260711,-0.93486706642247,0.010497734596853
GAS2L1,-0.9359997603185972,1.1495074589355525e-06
HAT1,-0.9365129667713116,2.0724010483821418e-10
NCAPG2,-0.9365401407360894,6.21428449000064e-05
KHDC1,-0.936858564265162,1.4967766291086737e-13
SLC38A7,-0.9375660806008002,0.0002605719960606
ENSG00000266947,-0.93851015928077,0.0039039730618143
AGA,-0.9389639378216614,4.907360388655988e-05
RAB27B,-0.939778313882869,0.006192427962255
LMNB1,-0.9399463514260048,6.666753109933564e-06
CENPO,-0.9406726973576092,6.949205011678174e-07
DNAJC11,-0.941231506466396,1.300256692034078e-09
CDKN2B-AS1,-0.9413587756982104,2.979221260574867e-07
POLE4,-0.941590005908766,1.9106019744820695e-14
IFRD2,-0.9436982345440992,1.2981321618196356e-10
MIF4GD-DT,-0.9440399096678502,5.611502308989857e-10
STX11,-0.944321676094912,1.269669757325801e-07
RABEP2,-0.9453701377206398,1.1661899307835598e-05
BOLA3,-0.945971460237629,3.0990486679578956e-10
PGAP6,-0.9467389902293996,1.0477788882652762e-05
FSD1L,-0.9476332304404848,7.158957463878505e-05
LDHA,-0.9479820068358596,1.3332799738032272e-08
MICU2,-0.9482204461451076,9.662489342756323e-08
NFKBIZ,-0.9482309732361188,2.3364176138502407e-06
CRMP1,-0.9491840002638235,0.0292900056008422
IFT88,-0.949527739663928,1.5608528314206135e-05
TMEM123,-0.9496019745113252,7.898817917898541e-08
CREG2,-0.9499229866636194,1.2441745983264249e-07
PAICS,-0.9507867868927072,1.1042078236889293e-08
JAM3,-0.9511278015558704,4.7250113848618775e-06
RRP1,-0.9513564677033924,1.5789850581831227e-09
ZNF367,-0.9528922439735404,0.000453393964547
DNAAF5,-0.9530042283362627,5.601433831089008e-13
CPQ,-0.953176640191758,5.926273222902968e-06
PAXIP1,-0.9535040300606674,1.1617168182941123e-14
DIP2C,-0.95394632472607,9.804202834372296e-06
NRBP2,-0.9546035116846512,0.0201202464693055
CAMK1D,-0.954639617655161,0.0189885735127651
RGL4,-0.9548115247480338,1.6420068316550923e-06
FABP5P9,-0.9553805689293606,3.550079885611446e-14
CENATAC-DT,-0.9553976413541132,7.350207269362059e-07
ADD3,-0.9566645314421196,9.305472737156037e-08
NPC2,-0.9569625295677896,2.827254102993534e-06
TXNDC17,-0.9576963109498392,1.2389424881504512e-09
FMO5,-0.9578688510568716,3.5561875479446444e-06
IFITM3P6,-0.9587551416362936,1.465782736529181e-07
RFC3,-0.958791411900222,3.121797802662922e-05
GMFB,-0.9591668575730798,1.250653069498388e-07
RNF213,-0.9606979393699148,6.463089740466055e-10
ERCC6L,-0.9609465563362344,6.970396722957137e-05
TIPIN,-0.961676156266824,2.354198226099854e-07
DACT1,-0.9617008024093912,0.0113132926774148
RAB19,-0.9622884041304832,2.586203417510207e-08
TRERF1,-0.9628315724342312,2.252296421272875e-05
TNFRSF25,-0.962886340774788,0.0013537992502712
MSH2,-0.9642812616227144,1.1079594965034703e-10
GON7,-0.9645636391835808,1.312380804563476e-10
ENSG00000287061,-0.9653243158970684,1.696090405959744e-07
ITGB1BP1,-0.965872574938067,2.931616198929992e-09
NDUFB2,-0.96620890011911,5.276148793121278e-12
SLC12A2-DT,-0.9664078869365164,0.0003474140516815
MCM3,-0.9664761976277658,1.451216683250097e-09
TONSL,-0.9667065904283456,1.6280058390003147e-09
BIN1,-0.9669707750732242,0.000323799976431
KCTD6,-0.9670103823543568,6.75912685686121e-11
IQCN,-0.9677386631861165,0.0004519163756732
MICB-DT,-0.9678594833850408,9.946100182867792e-09
PRDM11,-0.968880085600544,0.0009099954886975
CALM1,-0.968890146904524,3.3888682565209876e-11
PHB1,-0.9692238030616158,2.2483186307135315e-13
ARHGAP32,-0.9702341414417732,1.4036013091532576e-07
SLC46A3,-0.970874729435088,0.0002643221780209
DCTPP1,-0.971308538473564,7.248874864783497e-11
RSU1,-0.9733148654464756,6.656388151423512e-07
TAF1B,-0.9791006552526444,2.0316429457898453e-08
WDR76,-0.9792887602606496,5.96076359980901e-06
KRR1,-0.9794040776310124,2.2202386504881834e-12
PRDX1,-0.9798398815004496,1.4057676493764552e-11
E2F7,-0.980965186747328,0.0009971279370414
ENSG00000279086,-0.981843314441312,4.848852817371085e-07
TCEAL3,-0.981856408563676,8.290299315566325e-05
UBIAD1,-0.9820116229640384,1.2032786786078409e-15
DMPK,-0.9821291342375322,2.070315593071682e-05
TRMO,-0.9828469318039884,0.0001146049121894
ANKRD13B,-0.9837490359541694,8.37951642691532e-05
TNFRSF10A,-0.985231787724643,0.0053012690733992
POP1,-0.9862582818307506,4.855997560253256e-10
LIG1,-0.9868855980958546,9.161424682695244e-06
FAIM,-0.9881214201555508,3.747163841168513e-06
PTGER4,-0.9881951805573834,0.002570212580368
WDR81,-0.9883246794821136,0.0011155288304987
HSPBP1,-0.988458641875348,1.1402265388844836e-15
LINC00852,-0.9886587019803836,3.251859912619586e-05
CCT2,-0.9887485627422512,8.239690384118161e-13
NPTXR,-0.9889309221667576,0.0015122244852814
CENPU,-0.9894849746953288,2.1786366268804377e-05
STAG1,-0.9896659149433632,4.672209012952484e-11
HNRNPA3,-0.9918803372340096,5.6616702667519073e-11
PINK1-AS,-0.991929957694946,0.0002242814842534
DTL,-0.9922971560014924,0.0007301023719059
ICA1L,-0.992834885680475,0.0001213950124762
ESPL1,-0.9929927495972491,8.829271230054102e-06
NDUFA12,-0.9932189005853322,2.183699359944928e-05
SPRYD4,-0.9937783388942738,1.9822000080180014e-06
APPAT,-0.9941496670179614,0.0001881290744638
BSN,-0.9962098331807748,9.31837445415163e-09
TRIM52-AS1,-0.9967054567707172,5.481420068207659e-09
POLR1G,-0.9970004377466576,7.7212090844825e-11
LRRC58,-0.997033039345574,6.351416800660601e-13
LFNG,-0.9971287693100584,1.2836755435742716e-06
BORCS8,-0.999994751465624,8.569187918778073e-05
DLEU2,-1.000825156726464,7.75352719931396e-08
PLCG1,-1.0010178565898382,2.9622269333005403e-08
EXO1,-1.0012200121077788,0.0006653045619101
ENSG00000272501,-1.0012693947777915,1.4772550177786298e-08
AEN,-1.0015717757667533,3.782607041893991e-06
LAIR1,-1.001717138769675,0.0087371119396379
NR2C2AP,-1.0022898689479605,4.971596590009662e-10
ENSG00000262049,-1.0025404319130202,6.937752389379502e-06
CDKN2C,-1.0037593311245343,5.942435322916919e-07
TRAF3IP1,-1.004697351785004,1.5204413617736486e-06
PRKCZ,-1.0063315636377503,8.748011156128168e-07
ULBP2,-1.0063419708375747,7.997309104252475e-07
TESC,-1.0064787801233095,0.0009387355114716
HAPLN3,-1.0071477101469393,3.167043008342033e-09
BIN2,-1.007817862773618,2.716170416528806e-05
TLR1,-1.008381501280951,0.0115320978713654
DMC1,-1.0088471132111432,6.741243467854998e-06
PPIL1,-1.0095876126363046,4.273513934555642e-08
TMEM178B,-1.0097918116552371,0.0001458965684085
CABLES2,-1.0099333647854092,1.6401746003123467e-09
GDPD5,-1.0103888975773785,2.1500879622646227e-05
SRSF2,-1.0105530612652591,3.739032076733385e-09
LMNB2,-1.0106723958757842,8.8738382525582e-08
TP73,-1.0122636383854302,3.808754349716695e-05
FURIN,-1.0139865327754176,1.3671144796413072e-07
HSPA8,-1.0143323091497347,7.302026354426538e-16
BATF,-1.0144835874449267,1.1107883042082009e-06
RIMS2,-1.0145628026736686,0.0001606732707044
CORO2A,-1.0145940926798525,0.0021764433867986
SP2,-1.0154718367555509,2.2459255256710215e-10
SKI,-1.0167790504271332,5.752942804814305e-07
STS,-1.018080197617368,0.0002402838407162
VIM,-1.0190703065941449,7.561150470352248e-07
CD276,-1.0205333401830468,0.0045710053679051
ETV4,-1.0220973253576422,0.0003351645674171
TOE1,-1.0231251496623543,3.1131592059096667e-15
SYN1,-1.024096364946982,2.0499629751804776e-05
CD40LG,-1.024352530894047,0.0023113419932382
SMYD2,-1.024454889254443,7.932698210565213e-07
ZNF511,-1.02462309541041,9.453157600425938e-09
GTF3C6,-1.0250724566416798,4.2412991943832205e-10
DPH6,-1.025323428995046,6.182961205680655e-07
RGMB,-1.0254474574398138,9.877404476109593e-08
IL22,-1.0257179526985525,0.0005173068000794
SLC2A9,-1.0264381738469814,0.0001801060348538
ESYT1,-1.026703176061046,4.8919961470645915e-05
NLRC5,-1.0267563334641905,7.87110923501349e-05
RAP2B,-1.0269407257194023,4.45787731964112e-10
KCNA2,-1.027545254798512,0.000129083407487
ENSG00000261338,-1.0291866269032182,1.632187041462873e-07
ENSG00000279520,-1.0297403721693654,0.000134877417567
USF3,-1.0297645380176847,1.6510398261519048e-07
CISD3,-1.030111558876452,2.395982933194099e-13
ARSB,-1.0305055544163686,1.9587303828699315e-08
GP5,-1.0309082401047451,0.0017874547068059
PRKCQ-AS1,-1.0313889362380664,6.999163024818121e-05
TENM1,-1.0315255089210642,0.0337507586466837
COL5A2,-1.0315990489294915,6.872372578658467e-06
TXK,-1.03224895717551,0.00602645613697
CCND3,-1.0328008669298914,9.802251691309219e-10
POLE,-1.033738245052069,2.9895835505106117e-10
SUSD1,-1.034048943639513,0.0002461402097064
SLC4A2,-1.034412782759997,2.3921955592141125e-07
ADCY3,-1.0348659922045105,2.2716284468027493e-08
USP31,-1.0356606711649938,6.162943586032392e-14
TMPO,-1.0371967193051574,1.9415167509200804e-08
PRR5,-1.0373164156992525,1.8767896944253345e-05
ENSG00000227678,-1.0381044796381809,6.505221199313763e-05
CYP4V2,-1.03814978574766,0.0066519128999273
GLYCTK,-1.0383808595582686,7.659811230243258e-06
RASSF3,-1.0395632512628117,7.503912225300048e-09
FBXO43,-1.0402945479369166,3.0891575359334535e-11
LIMS2,-1.04307583947725,0.0003065229065757
CES4A,-1.0434395827031846,0.0351957343286727
ENSG00000256663,-1.0435971163444724,2.124572096188992e-09
IQGAP2,-1.0442559292510056,2.1904720865851145e-07
PIEZO1,-1.045094115983149,5.975234874114671e-07
NDUFC2,-1.0467906973261614,1.0110697579942622e-07
TEX261,-1.0468707658270215,4.0262875421510525e-09
SLC25A33,-1.0478249393225436,1.2322085177659306e-16
DRAXIN,-1.0482284207608168,0.0344658379542387
ENSG00000253200,-1.048469716207959,0.0002383546673145
TMOD2,-1.0491600045487393,1.1076222701472174e-05
TCF19,-1.049399523850477,3.417629942071395e-05
BRIP1,-1.0494402912082217,1.780754569281932e-07
LINC01730,-1.049533255103844,0.0003273636336806
ANKEF1,-1.049867350507108,2.512445836603507e-07
MIR22HG,-1.0499940470726488,0.0040580535212211
TCOF1,-1.0501300168137917,3.286631236590461e-13
INTS7,-1.0527854127595209,4.3875149069633155e-15
SLC25A10,-1.0548182763517466,3.0424258255597214e-09
SUSD4,-1.055187008453455,0.0889606339924826
B9D2,-1.0552600543070132,5.978553576224974e-06
NEO1,-1.0557968200274757,2.609174022806763e-06
OLFM1,-1.0563003066631116,0.0003215450609185
NUDT14,-1.0572624685526777,8.788346797153182e-06
ADARB1,-1.057562587141538,1.237124651916197e-06
PSMC3,-1.058296608296356,1.8935244863282575e-10
MCM7,-1.0584369356559271,1.7348796233890879e-09
DNAJC6,-1.0594562005029724,8.835580140683013e-07
CDKN2B,-1.0596395735265616,1.1776910045961315e-05
SEMA4F,-1.060294893580526,7.306945575046387e-08
TRA2B,-1.0606484333141264,7.250873471184563e-08
GPR171,-1.0614673929390293,0.0021179902402428
YEATS4,-1.0615062369879933,1.2054711448340717e-12
PCSK5,-1.063433350622788,5.8004151102488685e-09
AVEN,-1.0646069647662508,6.251447691659727e-07
CHAF1A,-1.0650506337211176,3.954375755588712e-08
GINS4,-1.0653361547987314,2.0300931438371892e-06
ZBED10P,-1.0653458827797335,3.308417358364301e-05
NASP,-1.065504506229816,2.746186467568211e-11
MCM2,-1.0663551439774377,1.3597231887387088e-05
CA6,-1.066527183705494,0.0378286007808861
PRKAR1B,-1.0678225802117691,0.0171644398775128
IRS1,-1.0690215544754471,5.179776594596994e-06
GNA15,-1.0692184829407587,1.871102134896504e-07
HRAS,-1.0693318586370075,2.137128707989884e-11
CRYBG2,-1.0695491805288495,0.0064228688274783
EXOG,-1.0740077950147755,1.528880825975739e-07
ABHD17C,-1.0742733688492887,4.4037732675726923e-07
GRK6,-1.0746510591880227,4.2498461255752257e-11
RARA,-1.07519406586934,3.075141082738605e-14
RTKN2,-1.0762770473470025,0.0074007058106208
MCRIP1,-1.076696737997873,7.740159649335632e-10
DDX47,-1.0772716838538623,2.85613565004033e-12
LINC00299,-1.0773954744519605,0.021784437724488
GPD1L,-1.0781274084852566,6.301421680022706e-14
ENSG00000279369,-1.078145740388183,0.0056739473625112
P2RY8,-1.0783228220938224,9.061018462567692e-11
NPDC1,-1.080388197209687,1.305082593768625e-07
ZMYND11,-1.080566678053195,1.8170940415458012e-06
TUBB4B,-1.0806383685948964,1.294878688774282e-09
SLC16A6,-1.0807955567026402,4.943287216467751e-05
CRIM1,-1.081089180359926,0.0278433985964986
ZNF362,-1.0823193106768016,0.000180841250438
GMNN,-1.0827545572533133,9.504124650629216e-07
MX2,-1.083029554373986,0.0242060941838846
DMAC2L,-1.084183418774363,9.793883317436971e-09
FAM171A1,-1.085100505275677,0.001937608533258
PTPN9,-1.0855186859315884,1.583113502627337e-10
GALNT12,-1.0856441285211045,1.5664243157103282e-10
FGD2,-1.0863022525378137,0.0053975430577367
DTX3L,-1.0867993690989035,6.400476608655836e-06
BRI3BP,-1.0871863713101684,5.295816155976655e-09
KLF3-AS1,-1.0883825027408935,0.0015768736018186
TMEM191A,-1.0888900271344943,1.2333406723464628e-08
EPC2,-1.0889486912520088,7.32806708470733e-08
TAP2,-1.089051293283048,6.459950124243076e-11
POLE2,-1.0902595582747314,7.921450981690527e-07
NTSR1,-1.09053767669633,8.936283090708175e-06
CSF2,-1.0911151928893332,0.000946280799402
CDC14A,-1.0911275378610688,9.500839350798381e-09
CHAF1B,-1.091256953539438,1.1493910281979957e-07
KNDC1,-1.0925321469155274,6.603006927828767e-07
CENPP,-1.0932334093681813,6.899477634157085e-08
TFDP1,-1.0935646274774529,1.2534879582260407e-09
TP53,-1.094499751837816,9.73048609049184e-08
CEP78,-1.0949810817286405,1.3211729427595063e-09
CTSC,-1.0969397136747832,2.2796592584450212e-11
LINC02390,-1.0971274645498048,1.8754382369773227e-11
CYB5D1,-1.0980588221040324,8.778671592970097e-12
ANAPC15,-1.0982622935068074,1.0711972568581189e-12
ADCY1,-1.099756054679521,0.0058418502775281
DAGLA,-1.0999718517565205,1.0119630757958107e-11
ENSG00000174171,-1.1008256628972208,0.0006407776740651
RBL1,-1.1016870567235264,1.0629383376847214e-10
SGF29,-1.101708350034996,1.0991359755135765e-08
MRTO4,-1.102132154412672,1.7102635187852721e-13
CIP2A,-1.1032282143495389,2.770061677928643e-07
CHMP7,-1.103932354672569,5.9574310558101654e-06
ITPK1,-1.1046317126562135,9.724789448772881e-08
B4GAT1-DT,-1.1052777785820975,2.9067746883118214e-09
AARD,-1.105774953474828,4.900159683673488e-10
HMGB3,-1.107744595790348,6.18707459370381e-10
CCL3L3,-1.1079184046054482,0.0161949068313269
HELLS,-1.1084860824771514,1.1189143315169582e-08
HNRNPAB,-1.1086197567106906,2.9122676006669334e-09
CHEK1,-1.1103736464659013,3.098999422885096e-07
CYP1B1,-1.112214090193329,5.1010799539483766e-08
ELK3,-1.1122634680685533,9.255158071347748e-11
ARPC4,-1.1127240095904511,9.468464924973524e-07
FAM222A,-1.1129386736039586,1.0537049232395352e-08
ASB9,-1.1137677223206863,2.083167229085875e-05
EOGT,-1.1145454641344896,9.297305262838529e-08
ZNF75A,-1.114616504227619,3.58215204091969e-05
SELENON,-1.1167277703178045,0.0038649501515822
NRP1,-1.1169313070685492,0.0006833078838791
ENSG00000255310,-1.1175260412852897,6.077221155302712e-05
PBRM1,-1.1176179570620697,4.788073364204703e-10
POLR3H,-1.117817754410451,1.1019516769103511e-09
LOXL1-AS1,-1.1180208302869772,2.1322455667734062e-08
LRFN3,-1.118173152447273,7.518444462111935e-07
OAF,-1.118767755970848,5.319890269263644e-09
KIF11,-1.1189206385676718,6.070156930337891e-07
SLC5A6,-1.1190954716840515,2.2202386504881834e-12
EBNA1BP2,-1.1195718854060477,1.2025812922919632e-12
PPP1R13B,-1.1201244937908874,2.599339588305174e-07
CDC25A,-1.122514455049068,2.901224822141495e-05
SNX24,-1.1228455435535667,4.687376361936944e-10
ADD2,-1.1228982182063414,3.738670892818037e-07
PRKXP1,-1.1234695181317038,0.0002454402356819
SFXN2,-1.1245119323544084,7.134620822903989e-06
CX3CR1,-1.1251062000099528,0.0025364497206303
B3GAT1,-1.1252015096695724,1.2460501096123044e-08
PTPRF,-1.127150466880039,0.017257125816819
NOCT,-1.1278880817136845,1.501503430877425e-11
SH2D3A,-1.1280793365788164,1.1776910045961315e-05
SCMH1,-1.128533669215826,9.794858535546178e-15
NDRG1,-1.128859176829053,5.655344305199047e-09
EIF4A3,-1.1306564822973997,7.510487758922586e-10
WDR4,-1.1318183157230437,4.554617257075962e-13
ADAM19,-1.1322632833771331,1.0398805146133463e-06
TIPARP,-1.1329899555291734,2.4881894281984753e-05
NCAPH2,-1.1340642421074092,1.030968430174829e-09
DNAJC9,-1.135032474390167,1.4466560542569064e-08
PRR22,-1.1354076225116922,2.837514164526914e-11
SERPINF1,-1.1359840496173872,9.669158514870685e-05
NME1,-1.1366689433832995,1.6779690699138828e-10
KLHDC7B,-1.1376069253777017,7.90060776269839e-06
WNT9A,-1.1378290215190028,5.313317835436351e-05
ATP6V1C1,-1.138392829031071,3.3432470085214702e-09
TBCB,-1.1395421902843026,1.1684176327638242e-10
CBFA2T3,-1.1415647296908604,5.260768956128666e-05
NOSIP,-1.141955720715374,1.000035074369571e-13
ABCB8,-1.1432094494157283,4.457506635298379e-09
USP1,-1.1439995432074277,1.843098725445231e-11
AUTS2,-1.1453659513144994,6.412498996853805e-05
MAD2L2,-1.1462367930242587,9.97562874037896e-06
MBNL3,-1.1472766305677986,2.8000740635854943e-06
CHRAC1,-1.1481732171014052,6.85908193954045e-10
ENSG00000286835,-1.1492351371664828,3.859282737355889e-10
COPRS,-1.1499265059915955,7.4061729835683e-15
SAC3D1,-1.1506318621921725,7.650913905543853e-12
KIF24,-1.150880059316493,2.5253427728493917e-08
RETREG1,-1.1516363835120915,9.14160486361808e-07
LINC00342,-1.1517576617434004,0.0077746508926906
BCL2,-1.1520561303939596,3.7189508689305334e-10
CSRNP1,-1.1522241207522512,7.238330969848932e-05
SRSF3,-1.1527127058909583,3.100391181498517e-09
CHURC1,-1.1546774409567302,0.002811045827364
HTATSF1,-1.1550648103577943,1.5586771696869057e-07
TYMS,-1.155094066183099,3.696966899487741e-05
NHSL2,-1.1564288529266815,2.534482321248468e-05
CUBN,-1.1583967599115848,3.6588982518783e-06
MX1,-1.158812910991963,0.0778588097024409
SPNS3,-1.1608302154689034,0.0082219627878331
MRC2,-1.1610458155364918,2.09304210700098e-06
SLC38A5,-1.1614318987908536,1.0160713266295e-08
PSMB8-AS1,-1.1616080409624931,0.000115955716074
MGAT3,-1.1635525071431885,2.2190508796358947e-07
NFILZ,-1.1636751724930765,0.0007337325406811
NR3C2,-1.164407717214493,7.183698439162757e-07
SERPINB8,-1.165071770683892,6.13341925455335e-06
TK1,-1.165163313876227,1.2083421350138246e-05
ALDH16A1,-1.1669963122952218,8.18921995220292e-05
MORC2,-1.169360065819764,1.2789940527850592e-14
RPP40,-1.169526056728194,2.75975847357338e-12
FOXM1,-1.170358873748146,6.458536544023121e-07
UGP2,-1.1721903353145482,1.1310453403651937e-13
PHGDH,-1.1735002135317192,0.0197863779471527
SURF2,-1.173533410860598,2.789231826241072e-06
KCNH3,-1.1755437629073051,1.5326428373097447e-06
ENSG00000225632,-1.1755606398125564,3.932155299741977e-06
RRM2,-1.1756160025071738,0.0002028025213526
SEPHS1,-1.1764744715106197,3.34606856476672e-13
MYLIP,-1.1772346448103184,2.305019452006543e-06
SCN8A,-1.1772966993319498,2.5243531894678233e-05
EFNB1,-1.1782852914318278,1.0408729762087023e-05
NBPF15,-1.1783659193775655,5.3018128627258774e-08
E2F8,-1.178448680869745,3.493095134240321e-07
MAGI3,-1.178746668362334,2.0893320019399718e-10
CEBPA,-1.180219283910639,4.4983807008164923e-08
NCOA5,-1.1808743660793564,7.467051456562111e-06
ZNF32,-1.1814619461867082,0.0001540479534269
TTC22,-1.1834780572927557,2.9661488519733226e-08
KPTN,-1.1839055400481433,2.159571508432542e-08
INF2,-1.1843994876883208,5.46141067910813e-06
SLC26A11,-1.1870468086049724,0.0044200715774099
CSGALNACT1,-1.1870645179439654,0.0043347786946406
MIATNB,-1.1899976543987498,2.836432456287819e-07
AP5S1,-1.1902459670191043,6.605745157289191e-06
BAG2,-1.1910492204857746,4.435243595083591e-14
DDX60,-1.191295831631071,0.0006147170483476
SHCBP1,-1.1913897427740885,4.818778664231884e-06
PDLIM2,-1.191547838469667,0.0007510722377497
DNAJA4,-1.193454819141138,5.026872915162719e-12
ENSG00000176659,-1.1935753609949442,2.374213447245707e-06
BYSL,-1.1937005382479406,4.0835533463247523e-13
SLC27A4,-1.1949188113916458,5.013245674615837e-09
TMEM201,-1.195236123276978,6.383875776230263e-12
SGCB,-1.1956484186130063,8.515041535821654e-09
TMEM238,-1.1957026917600948,1.0180808813123733e-12
HBEGF,-1.195899822394218,2.90777310297496e-05
UCHL1,-1.1973486559740767,0.0753019223485812
IL3RA,-1.1974291323532564,2.0650607188486966e-05
ZNF407,-1.1974382475198562,1.1395769942775538e-09
XRCC2,-1.1981485559747518,1.2071669760355014e-06
TSPAN17,-1.2024882191759323,0.0001482878119543
ENSG00000271109,-1.203108154230214,2.480267854985385e-06
KLHL23,-1.2041855496280356,4.320062387342571e-05
TEDC2,-1.2044993601877612,2.837613956859763e-07
LLGL2,-1.205161860689159,4.294047479195621e-05
ZNF428,-1.2056432118994462,3.517269778873841e-05
GAREM2,-1.2068189399768086,6.475415984260125e-07
SLC25A4,-1.2092005611466696,4.45787731964112e-10
HMGN2P3,-1.2101056215245314,1.2981321618196356e-10
RTL5,-1.2105109863867691,3.493007474888372e-06
C4orf46,-1.2115231243219085,9.046548872297237e-09
PIM1,-1.2129950535334355,3.497068400337843e-14
TRAM2,-1.215789072795253,9.388143553422508e-05
ULBP3,-1.2168047720032589,1.6425047777496914e-05
SPDL1,-1.2195320558955425,2.1931609512628927e-08
ENSG00000276672,-1.220346797716314,1.34130922839953e-10
ACTB,-1.2233842119431984,1.319566131126956e-08
GOLGA2P10,-1.225118312006675,1.917382834322452e-06
AK5,-1.2256392542941503,0.0075840107334449
RRP15,-1.2264838809289302,1.2760223916405045e-12
AP4S1,-1.2272047402959392,0.0002610569191997
TMEM98,-1.2274904149151138,0.0114213820963463
RB1,-1.2298938692945365,2.944056744898303e-10
CDC42BPB,-1.2300074984617904,3.0644974815209456e-05
GJD3-AS1,-1.231525493634491,1.5397120426890366e-09
PFAS,-1.2317188038998514,1.50667401613985e-11
CCT5,-1.2318725985149284,1.4303302896467223e-16
ENSG00000279348,-1.233689723423801,5.272218111535626e-10
NOP16,-1.2343115375847495,4.348380898417569e-15
EID3,-1.2343616784715647,3.902565121912821e-07
HSP90AA1,-1.234552757918376,9.915081428099109e-13
SLC35F3,-1.2360352522150255,2.1132714331263656e-06
EIF5A2,-1.2372127494881768,1.1614468702059508e-10
SLC18B1,-1.2375284428624838,2.127433885632727e-07
SANBR,-1.2384848789661786,1.540187631558524e-12
PLCL2,-1.24137997125126,2.060449989454336e-08
ALDH4A1,-1.2419422308334425,6.101005624211207e-09
MIR4435-2HG,-1.2451036689617396,4.1753087108575715e-08
CEP135,-1.2461156738415688,5.42197735789858e-14
TIMELESS,-1.2481319416671095,1.868024632417063e-09
BCL11B,-1.2481733481360706,4.97768402199021e-09
CBFB,-1.2491476221989677,2.4803405634621653e-15
HSPH1,-1.2494012004862665,2.0704558532392325e-12
MYC,-1.2511804521842214,5.246475375883463e-07
LINC00680,-1.252638405124748,7.674830615892499e-05
ZBED3,-1.2531438015667302,6.69116147758943e-08
WDR77,-1.2541094473782803,1.699594790612691e-06
STX2,-1.2557549020944343,4.077179973691299e-11
SYNJ2BP,-1.256885338365107,9.897865455889038e-12
TOMM40,-1.2572101068901222,1.000035074369571e-13
DDX39A,-1.2578172638154603,2.9245768975577988e-12
DSCC1,-1.260460581866787,4.505013849345125e-05
ICAM2,-1.2608912534535035,9.727968108935193e-06
LINC02481,-1.2618328451062788,0.011608187755604
TRMT61A,-1.2634632615083143,9.623228941241472e-17
KCNQ1,-1.2637814936687777,3.7244382841872017e-06
RASGRP2,-1.2644450784409331,1.2208645722541217e-05
URB2,-1.2675524824777544,2.387237929788347e-16
RNF157,-1.2691897128522127,1.1434739749439484e-09
PBK,-1.2720804589026709,0.0001004159821994
MFHAS1,-1.272959173249661,2.0564833569243169e-10
S1PR4,-1.2732189991063363,7.379453343809137e-05
ABI3,-1.2733776575104123,0.0002389373853328
SCARB2,-1.276123741948488,4.828237267955832e-09
EXO5,-1.2779152156859106,7.549060322409297e-09
UTP20,-1.2785688796636443,5.185053253874048e-14
REG4,-1.2817325467227128,0.167450033014621
LINC02694,-1.2822488193222927,1.462691915509131e-05
ANKS6,-1.283565732936232,5.5552806648940066e-11
FBXO5,-1.283664082447021,2.0925649985811664e-11
CD300A,-1.2866521961719892,0.0488976116775261
TTC16,-1.29061047215435,0.006001532026189
FBXL19-AS1,-1.2908969471181,1.1163414177598448e-10
EXOC6,-1.291479105323981,1.5760918238938227e-14
PCNA,-1.2946973575736953,5.692319040496913e-10
C1orf115,-1.294785685543253,8.185441287369713e-08
CDC25B,-1.2949167427374206,6.961524909847362e-09
ENSG00000262823,-1.2949563124941943,8.808057904711106e-06
LINC01963,-1.295786225571297,3.6474057148901796e-08
KRT7,-1.2969282240211055,0.0025705626956005
CHDH,-1.2974710601806825,0.0102598981401176
CENPW,-1.2997330000023433,4.99857557217863e-07
FOXRED2,-1.3009841016047567,1.6707724367780522e-13
ALMS1,-1.3010525796990526,1.2470452282953813e-15
QRICH2,-1.3012213364247214,8.006857182589875e-08
ADAMTS10,-1.3026256593656451,0.0169812102106342
MYBL1,-1.3034444729632746,3.54806123244548e-08
THOC6,-1.3044258197731988,2.678056544880082e-16
DMWD,-1.3049816437177113,1.9788062876405087e-08
LINC02762,-1.3053395066770368,1.1907624869247102e-10
S1PR1,-1.3075142136546276,1.7673005290873083e-08
CEP15,-1.3119364990184876,4.801042696185481e-09
SDF2L1,-1.3127747422266012,6.476453957659256e-11
FEN1,-1.3130614523835282,1.544704264621947e-08
PKMYT1,-1.3135115075256802,2.083766449964717e-06
SPON1,-1.3142472023899656,0.0006683057326082
MYLK,-1.3147219628369131,0.0007484420746729
ARMC6,-1.315371745532981,7.255863821890559e-11
ENSG00000261490,-1.3160780732847253,1.444618538473557e-06
NEURL1,-1.317161834265506,1.3814779070492674e-10
ABCG2,-1.318473763598922,0.0053214962761114
ANPEP,-1.3197929799048695,0.0003012438182915
EMP3,-1.3204189017909886,4.54581880205482e-10
GZMM,-1.322059095298695,0.0001165475713557
ALG14,-1.3229044697948686,4.4125105134878343e-13
CISH,-1.3229184877454436,1.3187740521820966e-07
SKA1,-1.3235272439260446,6.740059833400559e-07
COX20,-1.323902967169824,3.0453596167732825e-08
GRAP2,-1.3256330457616636,7.779472843718522e-06
NFATC2,-1.325705483240556,9.166269638518296e-07
RABIF,-1.326769617891664,1.355088125132837e-07
ENSG00000270127,-1.3278751765008197,0.0025159892268574
NAGPA,-1.3294233811305518,0.0001500602322806
E2F1,-1.3317179798055472,6.1883093994260995e-06
AKR1C3,-1.3341744784123524,0.004041877109634
ACOT7,-1.335238879157039,5.598865290960209e-08
PTPRO,-1.3358066065095222,0.0016051348914766
MCM5,-1.3370781076427196,1.0016304481012683e-07
FANCC,-1.3376867277638227,1.0708866602331652e-08
ITGB3,-1.3384951014169444,4.792051665534865e-06
KDM7A-DT,-1.339716246859861,5.799208753352306e-05
TDRD7,-1.341976682292652,0.000453393964547
LUCAT1,-1.3464953132842568,2.0966271000006966e-07
DHX9,-1.347398115774661,5.983894588988826e-10
YWHAB,-1.3476447589050613,6.227790709435391e-06
AMIGO1,-1.3515335451242418,0.0001944668834845
ETV7,-1.351620322114278,8.398995450151861e-05
GLIPR2,-1.3525968552740686,1.9954048424614783e-06
FKRP,-1.353282851462712,2.5156322329246665e-05
MAPK7,-1.353756556713725,1.0071573762500213e-07
C1orf21,-1.355645819813446,3.2943126993260136e-06
PARP9,-1.3580871075847654,7.162490579356478e-06
GPR55,-1.3611075537597648,0.0007761388775398
RASGEF1A,-1.361976695434164,1.4809807282952546e-05
APBA1,-1.3621898590183814,0.0033002401947001
LINC01215,-1.36463596623855,1.1346791354999744e-08
GRM2,-1.364820315149718,1.0930237224856195e-09
TLR3,-1.3664862453803648,1.4375336374623785e-12
ENSG00000232208,-1.3687364970114888,0.0209936906626084
TRDMT1,-1.369478290611445,1.56273501273528e-07
NFKBIA,-1.3699334597129085,4.821860531278761e-07
ODC1,-1.3725863906731162,1.2330109453642918e-08
PC,-1.3753540403907878,3.6309542212950855e-14
LRP5,-1.3753782850058425,1.1401165837052405e-07
CELSR2,-1.3773875158896267,5.8496720610652774e-08
PRKCH-AS1,-1.3777982121284438,1.1194754713520254e-05
C3orf18,-1.3839237208874753,6.786599807773621e-07
RRS1,-1.385914075273763,1.9219798262104085e-12
CHAC2,-1.3912352455885764,2.679210544375909e-13
S100P,-1.391920847851619,0.000713377061401
HDAC4,-1.3922436547411188,3.403642819601108e-14
ANXA2,-1.3928886548387078,1.935956327057371e-10
AXIN2,-1.3953882878223605,0.0039325977170693
RASA3,-1.3962498199084683,2.5956186786895265e-07
TRPM2,-1.3981481122431425,2.907101361909407e-06
OLFM2,-1.3981558813991757,0.0027648965988087
MB,-1.3989299796064434,0.0064557877568702
HMGN2P5,-1.400374433136301,3.868349889003982e-11
SRM,-1.4014576828265677,1.8113936460576598e-17
CDC45,-1.4045795229813107,2.2925631465780473e-06
ANKRD35,-1.4046190601169355,4.693220477292488e-06
RBM3,-1.4049439439613964,9.378336976815324e-08
CDC6,-1.4074292179915933,3.125844672957792e-06
C1orf162,-1.4088591011568052,0.000261264963796
POLA1,-1.4099772272863236,1.2089234880089233e-12
DPP3,-1.410929838613609,4.405135656752184e-12
KAT2B,-1.411928574673741,1.885857860271167e-09
MIIP,-1.4122114705290445,1.6094924081779777e-12
PLXNA2,-1.4132322395678982,6.090727551737035e-07
LTA,-1.4143176068633947,1.5481196138543815e-06
TIMP1,-1.417544019999367,0.0001586561128772
MAFF,-1.4265452783044807,3.818687040703394e-09
ZBTB7C,-1.4306498623558976,2.885388466648725e-05
PPP3CB-AS1,-1.430931604718698,0.0002109921205991
RHBDL3,-1.4356250708294631,1.0138948564349749e-10
HNRNPM,-1.4368406830131502,8.096928576493792e-10
MYBL2,-1.4411045136210705,4.770813590738996e-07
LINC02273,-1.449439359713118,5.665424044557139e-07
MUC1,-1.457370447685233,7.574706213569331e-12
GPATCH4,-1.4591263154448004,1.1263446934743533e-12
IFNG,-1.4648875084606727,0.000253742269147
BORCS7,-1.465267759044175,4.9760074276305815e-06
MAPK11,-1.465709136033282,3.7132850591616726e-10
ENSG00000267554,-1.46761083581652,7.054080259234119e-07
CTPS1,-1.4728576137500946,6.226769043517122e-11
MEX3D,-1.477518549024961,6.822531093700101e-10
HFE,-1.482121663165217,3.031526212891749e-07
FGFBP2,-1.4863586472800523,0.0235426002579141
TNF,-1.4873766700207651,0.0007639924561769
SKA3,-1.4879113987329786,9.35577362651451e-09
SLC12A7,-1.4888119322085815,0.0219706089301812
PTGDS,-1.493989173104714,0.0019456783414649
SLC43A3,-1.4992668824677318,8.784731834053421e-11
GPR146,-1.5047397140411356,0.0005461770966086
LEF1,-1.5049459485730043,1.170079065204207e-12
SPC25,-1.5088958153117118,9.938208061922009e-09
ALYREF,-1.5093349481958755,2.811030495138881e-13
MAF,-1.510621060156195,0.0127512721495329
CLSPN,-1.5120134721021836,4.890894446864914e-07
TSHR,-1.5122665423455075,3.910013799433989e-05
CCNI2,-1.513996336120652,1.849442988031793e-07
GPC1,-1.5155693259412557,1.3564721099094658e-11
DHFR,-1.5267748119588775,2.572381456904869e-09
BOP1,-1.5274099153375469,4.011773520974769e-17
ZWINT,-1.52839035610525,2.294958433864549e-09
RCAN2,-1.5288221731046845,3.2321466763500665e-05
PIGW,-1.5317029876786232,2.2594342872219667e-10
CASZ1,-1.532883550655426,8.704767270448919e-11
ARID5B,-1.535622362216852,2.8901780305357187e-06
ROPN1L,-1.5375333555558517,4.007283299009471e-12
IKBKE,-1.538614659975824,1.4183483302084017e-06
MDGA1,-1.5393668254601502,4.737912482195211e-10
NEURL1B,-1.5416416549371394,5.002872998957192e-07
CLUHP3,-1.5467682198906323,3.2261546662011756e-07
LINC01132,-1.551590304441351,1.2615993588993548e-08
FCGRT,-1.5543323039398675,3.180710794060197e-10
MCM4,-1.555810291325506,2.6739071056553915e-09
PEPD,-1.5562554493699126,4.647899825573901e-06
TRIP13,-1.5562933394810887,1.9106047406137176e-09
FBXO44,-1.5566360251959503,1.8278478449995425e-08
ANKRD44-AS1,-1.557437828513446,1.1711868785765592e-08
KLF5,-1.5593982784134126,2.2661174427486006e-09
SAPCD2,-1.5603373126625657,1.7333017848100072e-08
OSBPL5,-1.567130144439186,1.873018013256629e-05
ESCO2,-1.571882788451688,7.746436262980103e-09
FKBP5,-1.5747711461009262,3.345793829585904e-12
CPNE5,-1.5778446811830418,8.991525761053453e-09
ENSG00000184441,-1.5784057006350614,1.0632892595829469e-06
FAM169A,-1.5788992551758771,8.894984720049063e-06
NSMF,-1.5807078770196528,6.306081994385313e-06
GINS3,-1.582377875688425,3.203623661828844e-11
BCL7A,-1.5840437637228213,6.596357771190381e-09
ITGA3,-1.5862168638865954,4.930164155747662e-07
CLN6,-1.5878772747253551,2.8001081126546105e-12
DYNC2I2,-1.5894445937359478,2.831009487191117e-10
RSAD2,-1.5919045161195222,0.0006410578853696
GINS2,-1.593471620315186,6.965939771591871e-09
SLFN12L,-1.5954241944785124,2.7128638214899745e-06
B3GALNT1,-1.5971010679750337,4.4913948647560736e-08
TUBA1B,-1.598763557157369,5.071739147457018e-10
PER2,-1.6022775115412315,2.139913826562643e-16
AZIN2,-1.6132448904395127,2.019318632960698e-09
GRASLND,-1.6166967834129784,2.36863504429753e-07
PLXDC1,-1.6235750004531757,0.0017778677588696
MCM10,-1.6309697779647818,5.2573164276836046e-08
XYLB,-1.6321135034415046,8.873050854509658e-09
L1CAM,-1.63756267619256,0.000136802322401
DOCK9,-1.638699054830905,1.2142644520417686e-07
MPDU1,-1.6406380996909489,4.0595170147780625e-13
SYNE2,-1.656250014198983,3.236531031166446e-13
HS6ST1,-1.6570682512655943,3.41219857550996e-16
STMN3,-1.6579334542420172,7.344653844515286e-07
CCNE2,-1.6584301312026315,7.817103825871104e-10
GPAT3,-1.661820458754697,6.209334422035619e-09
IL26,-1.670067736957017,4.9936195796041047e-05
PDGFRB,-1.671150804072508,0.0660075967331328
GLB1L3,-1.6737232582688697,2.1401259517057214e-09
RIPOR2,-1.675702784376365,5.499805386689999e-09
EHD4,-1.6792313318957897,5.37493824085541e-10
SPTBN5,-1.6813132004945497,1.885857860271167e-09
FAR2,-1.6819869922029036,7.50369204358087e-08
GNPNAT1,-1.6850727286126466,1.7199459826638138e-11
TANC2,-1.685763176286479,3.675925846467493e-09
VSIG1,-1.6872455251445195,0.0016964323129775
MAL,-1.6965576253878236,2.03210082519106e-15
PXN,-1.7076876982419875,3.505719979158948e-07
PPP2R2B,-1.710707728885979,8.245337292796903e-06
CCDC65,-1.7126166742763054,1.2666297412903574e-05
KIF26A,-1.7135008150318225,3.6254300064978213e-09
TGFBR3,-1.7165356576510646,5.17895645540373e-07
CCL4,-1.719447156706499,0.0053975430577367
GDAP1,-1.7288065271579345,4.764122467509766e-06
TUBB2A,-1.7366623802267227,4.6258790354052974e-10
HPCAL4,-1.7476930349537236,2.8026484652549635e-05
KRT1,-1.752042415381646,0.0302907408139915
SULT1B1,-1.7534831200274257,0.0002483132058487
BFSP1,-1.7550238479762643,6.537451446977282e-06
DUS3L,-1.756109820992867,8.22930202866489e-11
GRB10,-1.7572287118717274,4.712157751490435e-11
HDHD5,-1.7660617500758735,1.0340602418982237e-07
HMGN2,-1.7758474978804424,7.524179450888123e-13
IRX3,-1.780529011859911,0.0049787909103604
GLI2,-1.792267888378873,6.990041719019505e-05
MLC1,-1.8000238247240488,0.0183021001418323
FLT3LG,-1.802953666081463,1.1364069945825797e-11
GJB6,-1.8099567948366904,1.2908754299539435e-09
MB21D2,-1.8262991974810188,4.2702244327963794e-14
SOCS3,-1.828296617957597,7.32267248693406e-10
RIC3,-1.8401751623305656,1.521704823898344e-06
UBTD2,-1.84548379485103,4.397563987160403e-07
SIGLEC17P,-1.8461354441386515,6.01099886280806e-06
SLC19A1,-1.8531937472814697,1.540187631558524e-12
FBLN2,-1.857488397663282,0.0133875533667677
IL17RA,-1.8694572617816076,5.3666080951915754e-08
LIF,-1.8714540445117356,3.043440773455121e-07
CYB561,-1.873661631057566,7.421041106250868e-10
ENSG00000283125,-1.882496565102032,9.152129721378725e-10
EMP1,-1.8921210166088511,2.9915637121473208e-05
LINC01550,-1.893459140367219,9.589234510952575e-09
IGFBP4,-1.9165879695169872,2.849311151715498e-12
PLEC,-1.916999349508779,1.945356674133916e-10
EML5,-1.9338250733211448,2.653616250871834e-13
GLUL,-1.940091663153627,7.389764513767528e-10
SAMHD1,-1.940131083477187,6.076609441298845e-07
RHOU,-1.9473119042698053,2.7125924338359364e-06
TMEM229B,-1.949171707647619,0.0007739870775602
GBP1,-1.9521286013751125,1.639669681077577e-17
TRAT1,-1.959958302798781,8.962763947197047e-13
RPTOR,-1.9648345432298768,9.174874848124177e-16
LPGAT1,-1.9723115322063824,2.465838079920681e-09
GPRIN1,-1.9870296115378692,4.5690103723632756e-10
SWINGN,-1.9956567592085164,3.696532795767604e-05
TNFSF14,-2.024615606647262,6.414407908917907e-05
LMNA,-2.030140976212559,9.434502374558818e-11
GJB2,-2.0420509881424076,4.251247030435127e-09
SNTA1,-2.0557319653121735,1.050581804406333e-11
B3GLCT,-2.0669708896507015,7.692413934109101e-11
SORBS3,-2.067125615582076,8.459271277211401e-10
FBXO6,-2.071006194879575,9.850831504076287e-11
TIAM1,-2.071397322262804,1.4303302896467223e-16
FAM111B,-2.071647482530562,1.917531941385358e-12
C13orf46,-2.074400225665701,9.44688081752109e-10
TNFRSF10D,-2.0868704720891715,1.4763045102631375e-09
MARCKSL1,-2.100266418968709,4.3910040032034304e-17
RCBTB2,-2.1228114701292853,1.463445021961395e-06
E2F2,-2.128073779780184,1.5831123116090668e-10
MCOLN3,-2.1282226161771822,7.563400818363105e-09
EPHB1,-2.1358477374788967,0.0006221028007642
AGTRAP,-2.136816901453899,1.306955860884408e-07
IL5,-2.141837401398034,2.059652138629803e-06
CMPK2,-2.154814588853894,9.731236780560667e-06
EPGN,-2.177043026676265,9.648441474696956e-05
ALOX5,-2.177568581071283,5.132156904896688e-08
LDLRAP1,-2.181437970306964,1.5004339562296514e-11
ACVR1B,-2.1893687935511745,8.76666995534173e-08
MBOAT2,-2.189812180698848,7.442102803148162e-12
EGLN3,-2.2191990108817774,4.966343159003931e-06
KBTBD11,-2.2236899199900035,3.665674755599191e-06
FBXO2,-2.233364697340463,1.2832461175442336e-08
TRIB2,-2.248915131100203,1.3312830076043234e-09
DSEL,-2.2584071838624338,0.0001967113735109
SVIL,-2.2658378520287443,8.5421962090183e-10
MEGF6,-2.2695709867969316,2.913063580238921e-07
PALD1,-2.271169777439911,2.1971520975139866e-07
RAB15,-2.2772423764705487,1.5225977018192748e-12
NIBAN2,-2.279682266340701,7.540414988039788e-10
MSC,-2.287325081813517,1.3181957454309694e-08
UHRF1,-2.2931149335734267,3.0641842981495845e-12
RAP1GAP2,-2.294309115069477,5.8020345777593485e-05
CCR5,-2.2979088488394126,0.0048805656978872
GREM2,-2.297984354966014,3.0568250633757773e-08
SCN9A,-2.3124480138107715,1.5620666733274711e-09
LANCL2,-2.316791867114531,3.744249625448403e-07
MAP6,-2.3212166619717096,6.77456813903969e-14
CCDC86,-2.321606911479724,2.1973985430180252e-12
EPHA4,-2.344555311942133,3.032378368006797e-06
KLF2,-2.3892454919550223,2.9284730290145604e-06
PTGIS,-2.4443169094397916,2.4726655610183204e-06
CCL3,-2.460195206703651,1.5120552278399753e-05
VIPR1,-2.470786709341027,2.5195161130790685e-08
PDLIM1,-2.4876541514556036,3.771099315400481e-07
SBK1,-2.4887433876635447,4.459615509731899e-10
SH3BP5,-2.5212885408552044,1.0099900827397154e-11
TREML2,-2.5387970824596833,2.620753493542579e-15
ENSG00000263264,-2.5443292204484207,5.199720910782201e-07
MVB12B,-2.550061714681812,0.0007518369214127
CCR2,-2.550343198221217,0.0004470471570794
CCR1,-2.557729744700716,1.0678453259199674e-05
ZNF683,-2.6149746654861774,0.0474264533698038
HKDC1,-2.6203132510264946,1.5036154068062894e-09
NEDD4L,-2.6249140309637835,4.35393514746358e-08
PLXNA4,-2.645602639713888,3.795817144353247e-07
NSG1,-2.653472657137869,7.339480428200097e-10
KLHL29,-2.6840087117851787,9.445882958424397e-09
TNFSF8,-2.725797357951394,7.734791847189226e-12
TSPAN18,-2.7376865654412295,2.035929156084059e-07
CXCL8,-2.750763913505004,1.5066647533005956e-08
ARHGEF11,-2.7528685469941747,2.7168399713695344e-10
PLEKHG3,-2.7834162327416494,1.0819440150282223e-07
IL17RB,-2.785524671931435,4.4363688584035435e-05
IGSF9B,-2.823242287524847,2.375819125349109e-11
CCR10,-2.8469378130472283,4.792051665534865e-06
RXRA,-2.8635022133119437,5.374839750446097e-10
PLXNA1,-2.909910421548965,4.6980885951345657e-14
OSM,-2.939853990440606,5.5003129296967954e-12
IL7R,-2.962990472581671,9.674215297162952e-05
MAP1A,-3.016256563620471,2.9070534012505986e-13
PTGDR2,-3.064929904559001,0.0001010671397874
LINC00861,-3.087310482605763,1.3117754994708275e-05
GOLGA7B,-3.1669010944695213,2.6981806836578806e-10
ACE,-3.1739328851068658,2.1153118340037078e-10
KLF3,-3.3311484316216484,4.904954975693898e-10
MAN1C1,-3.339480979644832,1.6311741142964144e-06
ITGA6,-3.3636589364992457,7.564810797024878e-11
CLU,-3.4137036044099944,1.1051079749677183e-09
IL13,-3.4362389746284294,4.920358644144461e-10
SMPD3,-3.452444256837947,7.444639654105933e-18
CNTNAP1,-3.523591051982731,3.9516340440414193e-07
LTB,-3.5476503520905593,4.230785432897328e-09
FUT7,-3.567371716945089,4.322791625710772e-11
AQP3,-3.5683838553143006,2.2390006071610916e-11
TNFRSF8,-3.8529365330375103,1.4119744690258384e-15
NPTX1,-5.167213679038444,7.399755033668052e-15
PI16,-5.784563981870713,2.4028076560358375e-14
